"PROD_NBR","PROD_DESC","salesRevenueBYProduct"
"99100000770330000000003","MONEY ORDER",783415.11
"99100000234116000000009","MONEYGRAM",256943.5
"1820025008","01820025008",13054.38
"2610000573","NEWPORT 100'S",9650.16
"99100000643311000000027","CELL CARDS",5715.43
"8085322022","DUBRA VODKA 200",4619.37
"8085322021","DUBRA VODKA 375",3113.04
"99100000179742000000050","SYRINGE & NEEDLE",2540.68
"1820025002","NAT LT 15PK 25OZ CAN",2348.08
"99100000081989000000040","STAMPS",2224.5
"2610000575","NEWPORT BOX",2143.44
"30087510191","TYROS 1 INFANT FORMULA",2099.5
"1564568050","FLAG STAMPS",1751
"1820000067","NATURAL ICE 12 OZ C",1514.34
"99100000420809000000004","STROLLER RENTAL",1499.2
"1564568900","BOOK 20 STAMPS",1283.8
"30087136542","ENFAMIL LIPIL PRM PWD W/IRN12.5OZ JDEOBS",1120.41
"30087123941","NUTRAMIGEN+ENFL LGG PWD",1090.11
"99100000120141000000010","CANDY & BEVERAGE",1032.08
"1820000016","BUDWEISER 6 PACK",916.16
"2610000666","NEWPORT 100 BP .50 OFF",809.91
"1820015030","NATURAL LIGHT 30 PK",780.62
"2610000572","NEWPORT LIGHTS 100",561.6
"2610000145","MAVERICK MEN. BOX 100S",466.24
"99100000809331000000009","DME OPEN DEPARTMENT",447.27
"1820025001","BUD LT 25OZ CAN",372.6
"2610000577","NEWPORT SP FF 100",355.68
"30087036701","PREGESTIMIL LIPIL POWDER CAN 16OZ",351.81
"2820000357","MARLBORO BOX",348.27
"1820027030","NATURAL ICE 30 PACK",339.4
"1820000106","BUD LIGHT 6-PACK",254.83
"1820025000","BUD 15PK 25OZ CAN",253.26
"35128516288","PLAN B ONE-STEP OTC 1.5MG TAB 1CT",249.95
"2610000576","NEWPORT LIGHT",243.36
"30087001944","ENFACARE LIPIL POWDER 12.8OZ",239.5
"2820000363","MARLBORO 100'S BOX",232.18
"7800020640","GINGER ALE",221.44
"5400010183","SCOTT BATH TISSUE WHITE 12X4PK",219.36
"30087140944","ENFAGROW SOY POWDER 24OZ JD OBS",211.33
"8770196346","GNP TUSSIN DM SYR 8 OZ",207.82
"30045044909","TYLENOL EXTRA STR CAPLET 100CT",203.6
"1200000159","AQUAFINA",200.07
"1200000129","PEPSI 20 FL OZ",194.84
"5400020042","SCOTT BATH TISSUE SINGLE WHITE 80X1CT",191.7
"8770140836","GNP ASPIRIN 81MG LD ADL TAB 120",181.71
"4116741312","ALLEGRA OTC 12HR 60MG TABLET 12CT CHT",166.46
"2610000153","MAVERICK FULL FLAV. BOX 100S",165.44
"2610000578","NEWPORT FF KS",159.12
"8770140040","GNP ADULT WASH CLOTH 50",151.73
"2571567165","PILL REMIND 67165 ODAT 4X H LARGE API",145.54
"8770140244","GNP MAG CIT LEMN LIQ 12X10 OZ",145.08
"7033060006","BIC LIGHTER LC199",140.27
"32586610501","ALEVE TABLET 24CT",139.75
"8770140777","GNP IRON 65MG TAB 125",134.86
"1820025006","BUD ICE 25 OZ CAN",128.34
"1820011168","BUD 24 PK",123.69
"2260010032","ARRID XDRY CREAM REGULAR 1OZ",119.63
"9089113150","U/PD PREVAIL 23X36 PAD 10X15",119.37
"30045044905","TYLENOL EXTRA STR CAPLET 24CT",117.79
"2820000384","MARLBORO LIGHTS BOX",116.09
"4900005010","COCA COLA",115.29
"8770140586","GNP CLEAR LAX PWD 8.3 OZ",109.39
"87701426865","GNP APAP PM CAPLET 500MG 50CT",108.32
"4900000977","DASANI BOTTLED PURIFIED WATER",105.63
"30085360101","CORICIDIN HBP COUGH COLD TABLET 16CT",104.87
"74973502595","NEOCATE INFANT FORMULA",103.58
"61126999100","RED BULL ENERGY DRINK",102.9
"2610000657","NEWPORT NON-MENTHOL BOX 100",102.7
"1200007174","ORANGE JUICE",102.21
"3600037390","KLEENEX FACIAL WHITE 24X160CT",102.11
"4000000032","M&M PEANUT",99.98
"7800015240","CANADA DRY GINGER ALE",99.28
"7666000862","FIXODENT ORIGINAL CREAM T/S 6X0.75OZ",95.37
"2840042073","DORITOS NACHO CHEESE",93.65
"8770140607","GNP STOOL SFT 100MG CAP 60",92.78
"30573016020","ADVIL CAPLET 24CT",91.51
"1820011047","BUDWEISER 12 PACK CANS",90.24
"30573245042","NEXIUM 24HR OTC 20MG CAPSULE 42CT",89.97
"7431271950","VIT B12 1000MCG LOZ CHRY 60CT NAT BNTY",89.91
"2820000465","MARLBORO LIGHT BOX 100S",89.3
"68142103103","ZANTAC 150 TABLET 24CT",87.92
"4000042208","3 MUSKETEERS",87.55
"4000042431","SNICKERS BAR",87.1
"8770189865","GNP DIPHEDRYL 25 MG CAP 24",85.71
"64193220213","GLOVE VINYL P/F L/F LG GLV 100",85.08
"7007440711","ENSURE RETL VANILLA BOTTLE 4X6X8OZ",82.72
"8390000575","GOLD PEAK SWEETENED TEA",81.81
"8770179265","GNP SENNA PLUS TAB 60",81.29
"32390001439","NYQUIL COLD FLU LIQUICAP 16CT",80.91
"2840042054","FRITO LAY CLASSIC CHIPS",80.24
"35497330751","HYLANDS 4 KIDS COLD COUGH LIQUID 4OZ",78.91
"61300871526","ARIZONA GREEN TEA",77.07
"76845510161","CONV 022771 PCH AL 1PC PCH 10",76.99
"8770155262","GNP PREG TEST ONE STEP STK 1",76.93
"3700030662","ALWAYS PAD ULTRA THIN OVERNIGHT 6X28CT",75.79
"31209000141","CREOMULSION ADULT COUGH SYR FORMULA 4OZ",75.23
"8066095615","CORONA EXTRA 12 PACK",75
"3700030655","ALWAYS ULTRA WING REG UNSCNTD 12X18CT",73.35
"8770140810","GNP HAIR SKIN & NAILS TAB 60",72.3
"8770141160","GNP CENTURY MEN TAB 100",72.3
"4460030768","CLOROX BLEACH CONCNTRTE 12X30OZ LIQUID",71.6
"1650053758","ALKA-SELTZER PLUS TABLET CHERRY 20CT",70.82
"4000000031","M & M PLAIN SNGL",70.16
"31254743455","LISTERINE ESSENTIAL GEL MINT 4.2OZ",70.07
"8770141149","GNP APAP ARTH 650 MG CPL 200",69.95
"8770140606","GNP STOOL SFT 100MG SFTGL 100",69.93
"3980010964","ENERGIZER WATCH ZERO MERC 1.5V 377BPZ",69.9
"8770155390","GNP TRP ANTIB ONT 1 OZ",69.51
"5200032866","GATORADE",68.29
"8770174602","GNP SENNA TAB 100",67.41
"8770140751","GNP VIT D 2000 IU TAB 100",66.73
"8770164955","GNP DIPHEDRYL 25 MG TAB 24",66.59
"8770155389","GNP BACITR ZINC ONT 1 OZ",65.9
"2878520105","HUMIDIFIER 4100 COOL MIST 1.2GAL VICKS",65.58
"4900001916","20OZ. FANTIA ORANGE SODA",65.04
"8770156469","GNP TUSSIN DM EXP 4 OZ",64.62
"30766080100","ABREVA CREAM 2GM",64.47
"3600012308","KLEENEX LOTN FACL WHT TSU 24X170",64.43
"8770140181","GNP PREG TEST EARLY STK 2",63.93
"8770140515","GNP LORATADIN 24HR 10 MG TAB 10",63.77
"7800008240","DR. PEPPER",63.52
"35310020010","FLONASE OTC 60 SPRAYS .34 OZ",62.96
"30573022567","ANBESOL GEL MAX STRENGTH 0.33OZ",62.91
"2500005801","MINUTE MAID LEMONADE 20 OZ",62.48
"30005475652","CENTRUM SILVER WOMEN 100CT",61.7
"8770140896","GNP POVIDONE 10% IODINE SOL LIQ 8 OZ",60.73
"8770140438","GNP PROTECT XABS MED U/G 4X20",59.97
"3010012515","KBLR.SN.PACK CH+B.P.CRACKER",59.61
"2620010192","SLIM JIM",59.18
"31284353637","BAYER ASPIRIN LO DOSE REGMN TABLET 120CT",58.21
"1225811120","S.S.S. TONIC IRON SUPPLEMENT 20OZ",57.56
"7666000465","FIXODENT CREAM FRESH 2.4OZ",57.5
"1650007909","FLINTSTONES MULTI CHEW W/IRON 60CT",57.33
"7666000866","FIXODENT CREAM 2.4OZ",56.9
"4160887049","SUMMERS EVE CLEANSING WASH SENS 9OZ",56.76
"8496080905","EASYTOUCH HEALTHPRO GLUCOSE TEST STRIPS",56.58
"8770140140","GNP PAIN RELF X/S EZ TAB 50",55.89
"30067642606","THERAFLU MAX POWDER SEVR COLD LIPTON 6CT",54.95
"3400000241","HERSHEY M CHOC W/ALMD 1.45OZ",54.28
"2840042049","FRITOS",54.25
"4000000435","TWIX COOKIE BAR",54.03
"8770110663","GNP EYE ADV RELIEF DRP 0.5 OZ",53.86
"2260064203","TROJAN MAGNUM CONDOM 3CT",53.82
"32390001425","NYQUIL CHERRY 8OZ",53.59
"1200007175","OCEAN SPRAY APPLE JUICE",53.21
"8770190003","GNP IBUPROFEN 200 MG TAB 50",52.74
"3400000243","HERSHEY'S MR. GOODBAR",52.46
"32586610506","ALEVE CAPLET 100CT",52.05
"30045048102","MOTRIN IB CPL 50",51.53
"3400000246","KIT KAT 1.5OZ",51.07
"8770140217","GNP DIBROMM DM PE GRP ELX 4 OZ",50.88
"1200002136","OCEANSPRAY CRANBERRY",50.68
"4110080808","CORICIDIN HBP COLD FLU TABLET 10CT",50.49
"4400003742","OREO COOKIES              2 OZ",50.44
"2450002211","GEM STAINLESS STEEL BLADE SNGL EDGE 10CT",50.31
"4310075024","MD ENV #10 PLN PRS/SL 50",49.44
"8770191786","GNP TUSSIN DM CLEAR LIQ 4 OZ",49.27
"30065143302","SYSTANE BALANCE DRY EYE DROP 10ML",49.26
"31031032945","ORAJEL MAX ORAL PAIN LIQUID 0.45OZ",49.14
"4110080884","CORICIDIN HBP NIGHTTIME M/S CLD LIQ 12OZ",49.14
"8770153929","GNP ASPIRIN 81 MG EC TAB 300",49.08
"7560210103","SATHERS CHERRY SLICES 2/$1.50",47.85
"4460030769","CLOROX BLEACH REGULAR CONCENTRATED 64OZ",47.42
"4460000221","LIQUID PLUMBER PROF CLOG DESTROYER 32OZ",47.38
"8770140776","GNP IRON 45MG SLOW RELESE TAB 30",47.37
"1650004012","ALKA-SELTZER TABLET 36CT",47.34
"30045021212","IMODIUM MULTI SYMPTOM CAPLET 12CT",47.34
"4110082073","MIRALAX POWDER 14 DAY 8.3OZ",46.56
"8770140883","GNP INFANT GRAP 160MG SUS 1 OZ",46.32
"7279000422","D&L PERM CREME RELAXER SUP KIT JDEOBS",45.96
"8770140402","GNP ALLERGY D CETIR PSE TAB 12CT",45.96
"30573287110","PREPARATION H OINTMENT 1OZ",45.94
"8770142671","GNP CENTURY WOMEN COMPLETE MV TAB 120",45.82
"4900005011","DIET COKE",45.75
"1116904908","FATHER JOHNS COUGH MEDICINE 8OZ",44.96
"8770142505","GNP MUCUS RELIEF SEVERE CONGESTION & COL",44.95
"3980008863","ENERGIZER WATCH LITHIUM 3V ECR2032BP SNG",44.82
"1200028617","LIPTON XTRA SWT TEA",44.78
"30031873618","ROBITUSSIN PEAK COLD DM CGH/CONG 8OZ",44.45
"4110081092","CLARITIN 10MG 24HR TABLET 30CT",43.98
"65230810220","CANE FOLDING BUTTERFLY C3022 NOVA",43.98
"8770140516","GNP LORATADIN 24HR 10 MG TAB 30",43.75
"32390001435","DAYQUIL COLD FLU LIQUID 8OZ",43.6
"30085075605","AFRIN SPRAY 15ML",43.43
"8770142676","GNP TUSSIN MUCUS & CHEST CONGESTION 4OZ",43.04
"2500005606","MINUTE MAID CRAN/GRAPE",42.94
"35497331271","HYLANDS TEETHING TABLET 135CT",42.55
"4116700891","ICY HOT RUB CREAM 3OZ",42.45
"1820061047","BUSCH 12 PK CANS",42.3
"8770140769","GNP CALC PLUS 600 MG TAB 60",42.02
"7430000803","VISINE ORIGINAL RED RELIEF DROP 15ML",41.53
"7205861079","THICK-IT ORIGINAL THICKENER 36OZ",41.38
"30085009602","A+D OINTMENT 4OZ",41.34
"30045048101","MOTRIN IB CAPLET 100CT",40.76
"3400000031","PETER PAUL MOUNDS",40.74
"8770140112","GNP PHENYLEP TAB 18",40.61
"31254742720","LISTERINE COOL MINT 250ML",40.59
"7528520483","SOFT SHEEN OPTIMUM CARE RELAXER KIT",40.17
"2840043318","FRITO LAY CHEETOS CRUNCHY",40.01
"30045058025","SUDAFED PE PRESSURE/PAIN MUCUS CPL 24CT",39.95
"3700066381","ALWAYS MAXI REG UNSCNTD 6X24CT",39.92
"4203710372","BC HEADACHE POWDER 24CT",39.92
"7565600950","ALL-STAR DOUBLE JAX 36/CT JD OBS",39.74
"30573123821","DRISTAN COLD MULTI SYMPTON TABLET 20CT",39.54
"8770140732","GNP VIT B-12 1000 MCG TAB 60",39.25
"4110080140","CORICIDIN HBP MAX STRENGTH FLU TAB 20CT",38.95
"7205861078","THICK-IT ORIGINAL THICKENER 10OZ",38.76
"2840043789","SMARTFOOD WHITE CHED",38.74
"3400000239","HERSHEYS COOKIES N CREAM",38.6
"3400000440","REESE'S PEANUT BUTTER CUPS",38.52
"7015800005","KRAZY GLUE ALL PURPOS 2 GM",38.46
"30067001624","EX-LAX MAXIMUM STRENGTH TABLET 24CT",38.45
"30521231100","VASELINE JAR T/S 12X1.75OZ",38.42
"8770140623","GNP URINARY MAX PN/RLF TAB 12",38.39
"36382417163","DELSYM 12HR COUGH GRAPE 3OZ",38.37
"1200000131","MT DEW",38.16
"4900000044","COKE 20 OZ",38.16
"68990153787","ZANFEL POISON IVY CREAM 1OZ",37.99
"8770193206","GNP LORATADIN 5MG CHILD LIQ 4 OZ",37.96
"31254663027","LBL HALLS S/F BNS BAG",37.66
"3660230207","RICOLA BAG S/F GREEN TEA ECHINACEA 19CT",37.66
"32390001424","NYQUIL ORIGINAL 8OZ",37.46
"32390000361","VAPORUB JAR 50GM",37.44
"2200000172","DOUBLEMINT GUM",37.4
"7430000401","VISINE AC ALLERGY RED RELIEF DROP 0.5OZ",37.32
"1200028619","PURE LEAF SWEET TEA",37.24
"32390001442","DAYQUIL COLD FLU LIQUICAP 16CT",36.96
"3848199445","BY KNEE WRAP HNGD BL XXL",36.95
"8770175605","GNP IBUPROFEN CAP 200MG CPL 100",36.95
"8770160112","GNP ANTACID MS LIQ 12 OZ",36.92
"81483201030","EFFERGRIP CREAM 1.5OZ",36.9
"8770190060","GNP ASPIRIN EC TAB 125",36.43
"7666072536","FIXODENT POWDER EXTRA HOLD 1.6OZ",36.32
"31284306132","BAYER ASPIRIN LO DOSE 81MG TABLET 32CT",36.19
"8770140749","GNP VIT D 1000 IU TAB 100",35.95
"30225049533","ITCH-X ANTI ITCH GEL 1.25OZ",35.94
"30031873612","ROBITUSSIN PEAK COUGH CONGESTION DM 4OZ",35.64
"8770140102","GNP MUCUS RLF DM TAB 50",35.56
"30024021201","CAMPHO PHENIQUE COLD SORE GEL 0.23OZ",35.45
"1254661229","TRIDENT ORIGINAL VALUE PACK",35.28
"30573245014","NEXIUM 24HR OTC 20MG CAPSULE 14CT",34.97
"5113120155","FUTURO BACK SUPPORT STABILIZ SMALL/MED",34.89
"2200000899","EXTRA SPEARMINT GUM",34.88
"89811500200","ZARBEES CHILD COUGH CHERRY 4OZ",34.76
"8770140540","GNP IBUPROFEN PM 200MG CPL 20",34.56
"7565601126","BULLS EYE DART GUN 24CT PUC",34.49
"8770197945","GNP NON ASP X/S CPL 100",34.47
"30067200024","EXCEDRIN X/S 24CT",34.43
"8770164394","GNP PEDIA ELEC FRUIT LIQ 6X33.8 OZ",34.32
"4900005015","SPRITE LEMON-LIME SODA",34.23
"7301038010","TAMPAX FLUSHABLE SUPER 20CT",34.23
"8770141284","GNP NICOTINE MINT SF 4MG LOZ 72",34.19
"7113013065","ULTRASHEEN SPRME V/PK RELAXER JDEOBS",34.17
"8770140411","GNP OMEPRAZOL 20 MG TAB 28",33.98
"3410031341","MILWAUKEES BEST 30PK CAN",33.94
"30045044915","TYLENOL EXTRA STR VIAL CAPLET 12X10CT",33.92
"1820053047","BUD LIGHT 12 PK CANS",33.84
"4310075214","MD ENV #10 LEGAL 40",33.82
"8770198159","GNP CHLD PAIN RELV N/ASPR SUS 4 OZ",33.43
"2840043143","RUFFLES",33.39
"8770140724","GNP ALCOHOL SWAB STERIL SWB 100",33.31
"8770140487","GNP ANTI-DIAR CPL 48",32.98
"31284336305","PHILLIPS MILK OF MAGNESIA MINT 12OZ",32.95
"8770160113","GNP ANTACID SUS 12 OZ",32.89
"2840000152","GRANDMAS VANILLA COOKIES",32.67
"7560210127","SOUR NEON NITE CRAWLER",32.43
"8770140392","GNP LORATADIN D24 BTC TAB 10",32.37
"3400000320","ALMOND JOY",32.3
"30005475850","CENTRUM SILVER TABLET MEN 100CT",31.97
"5200032868","GATORADE",31.93
"8770140236","GNP ALCOHOL 91% ISOP LIQ 12X16 OZ",31.9
"3660207917","RICOLA BAG ORIGINAL HERB 21CT",31.88
"4900000045","DIET COKE 20OZ",31.76
"31254662872","HALLS C/D STICK 9 HONEY-LEM",31.56
"536853080","POLY-VIT W/IRON DROP 50ML WATSON",31.45
"3160010111","S.C SHOE POLISH PASTE BLACK",31.43
"5307610326","FUNGI NAIL LIQUID 1OZ",31.18
"30045012230","TYLENOL INFANT SUSPENSION GRAPE 1OZ",31.16
"4129497326","PINE SOL ORIGINAL LIQUID 24OZ",31.08
"2900007535","PLANTERS SALTED PEANUTS 2/100",30.99
"30045019801","MOTRIN CHILD SUSPENSION DYE FR BERRY 1OZ",30.87
"4116705705","ASPERCREME CREAM 5OZ",30.87
"31254662869","HALLS BAG HONEY LEMON 30CT",30.86
"3980001132","ENERGIZER MAX ALK AA E91BP4 4PK",30.79
"31254663337","HALLS BAG MENTHO-LYPTUS BONUS 40CT",30.69
"2840004176","MUNCHIES PEANUTS SALTED",30.52
"7430000848","VISINE ADVANCD DRY EYE RED DROP 0.5OZ",30.46
"76056906204","DIABETIC TUSSIN DM LIQ 4OZ",30.36
"88941150117","LIPOFLAVONOID PLUS CAPLET 100CT",30.19
"36382471016","CEPACOL LOZENGE XSTR CHERRY 16CT",30.03
"8496021201","B/P MONITOR TALKING WRIST SURELIFE",29.99
"4746900511","MELATONIN 3MG TABLET 120CT NATROL",29.78
"2500005603","MINUTE MAID ORANGE JUICE 16OZ",29.67
"3010012518","KEEBLER SNACK CRACKERS",29.65
"8770140091","GNP CASTOR OIL O/T LIQ 2 OZ",29.62
"3400000240","HERSHEY MILK CHOCHOLATE",29.62
"3848511042","5 DAY A/P DEO PAD REGULAR SCENT 75CT",29.56
"8770140068","GNP CASTOR OIL O/T LIQ 6 OZ",29.45
"4900000764","COKE SPRITE 20 OZ",29.44
"3700019743","FEBREZE EXTRA STRNGTH 10/CS JD OBS",29.33
"4000000160","SKITTLES ORIG 2.17OZ BAG 36/CS JDEOBS",29.23
"7560210152","SATHERS CARAMEL CREAMS 2/$1.50",29.18
"8770140590","GNP MEDICATED CHST RUB JEL 3.53 OZ",28.77
"1650053759","ALKA-SELTZER PLUS TABLET ORANGE 20CT",28.76
"1650004011","ALKA-SELTZER TABLET 24CT",28.61
"7666000864","FIXODENT CREAM 1.4OZ",28.59
"3660081331","CHAPSTICK REGULAR CARDED 24X0.15OZ",28.44
"2900007538","PLANTERS SALTED CASHEWS",28.38
"2840041772","FRITOS FLAVOR TWISTS HONEY BBQ 4 1/4OZ",28.31
"38484072500","PRODIGY NO CODE TEST STRIP RETAIL 50CT",27.99
"1559401018","ASTROGLIDE 5OZ",27.97
"30521232600","VASELINE PETRO JELLY JAR 3.75OZ",27.93
"2360113100","TOILETSEAT RS FITS MOST",27.89
"8770140767","GNP CALCIUM+D 500 MG TAB 160",27.62
"34580265078","LORATADINE 10MG TABLET 100CT PERRIGO",27.59
"8770141200","GNP TUSSIN DM MAX BERRY LIQ 4 OZ",27.54
"4110008022","CLARITIN 24HR TABLET 5CT",27.38
"71591210613","CAREMATE NTRL EXAM GLV LG 100",27.38
"3700007100","FEBREZE AIR 9.7OZ LINEN & SKY SPRAY 6CT",27.33
"8307811313","CARMEX .35OZ TUBE ORIG",27.23
"8770141268","GNP LORATADIN 5MG SF/GRP LIQ 4 OZ",27.05
"31254662771","HALLS STICK CHERRY 20X9CT",27.03
"7431215605","VITAMIN D3 1000IU SFTGL 120CT NAT BOUNTY",26.97
"8307811311","CARMEX ORIG JAR BULK 0.25 OZ JDE OBS",26.79
"1650053764","ALKA-SELTZER PLUS TABLET 20CT",26.76
"8770140126","GNP SYRINGE CMBO REG",26.67
"5460000286","FANTASTIK REGULAR TRIGGR 12/CS JD OBS",26.47
"8770140729","GNP VIT B-1 100 MG TAB 100",26.43
"65230813435","QUAD TIP FOR 3/4""SHAFT CANE 10040BK NOVA",26.38
"4110082076","MIRALAX POWDER 7 DAY 4.1OZ",26.37
"84827005140","COMPRSSN SOCK REJUVA SHR DOT BK 15-20 L",26.29
"84827005171","COMPRSSN SOCK REJUVA FLORAL BK 15-20 MED",26.29
"7274018888","PAPER TOWEL 2 PLY SINGL ROLL 24CT PUC",26.11
"8770142670","GNP CENTURY MATURE WOMEN MV TABS 100CT",26.08
"1650053761","ALKA-SELTZER PLUS TABLET NIGHT 20CT",26.07
"30573015030","ADVIL TABLET 50CT",26.06
"2200000434","LIFE SAVERS",26.05
"31015884060","SENSODYNE RPR PRTC WHITENING T/P 3.4 OZ",25.96
"30067811604","TRIAMINIC MULTI SYMPTOM FEVER/COLD 4OZ",25.77
"8770184242","GNP IBUPROFEN CHLD BERRY SUS 4 OZ",25.56
"7560210123","SATHERS GUMMI BEARS",25.48
"8770195927","GNP IBUPROFEN INFN BERRY DRP 1 OZ",25.47
"3927831510","TIGER BALM OINTMENT ULTRA STRENGTH 18GM",25.34
"30023920515","REFRESH LIQUIGEL DRY EYE DROP 15ML",25.18
"4400003745","NABISCO NUTTER BUTTER COOKIES",25.04
"3700035905","PRILOSEC OTC TABLET 14CT",24.98
"8770142572","GNP SEVERE COLD HONEY NIGHTTIME 6CT",24.95
"8770141118","GNP IBUPROFEN CHILD SUSP A/F GRAPE 4OZ",24.87
"8770140718","GNP FEXOFENAD HCL 180MG TAB 15",24.58
"30573286810","PREPARATION H CREAM MAX STRENGTH 0.9OZ",24.57
"8770191676","GNP IBUPROFEN 200 MG TAB 100",24.57
"3600001400","U BY KOTEX PADS PREM OVERNIGHT 8X14CT",24.54
"30766073923","TUMS EXTRA TABLET FRUIT 48CT",24.54
"7301028010","TAMPAX FLUSHABLE REGULAR 20CT",24.45
"32390001035","VICKS VAPOSTEAM LIQ        8OZ",24.38
"99100000085988000000003","PHOTO FINISHING OPEN DEPARTMENT",24.27
"8770141235","GNP COUGH ORG ADLT 30MG SUS 3 OZ",24.17
"8770140464","GNP ANTI-DIAR EZ OPEN CPL 18",23.99
"8676721006","BAILEYS 750 ML",23.99
"8770140292","GNP HEAT PAD MST/ DRYKNG",23.99
"7346206285","SARNA LOTION ORIGINAL 7.5OZ",23.98
"7430000536","BENGAY ULTRA STRENGTH CREAM 4OZ",23.97
"31031003313","ORAJEL BABY GEL 0.33OZ",23.96
"9089120018","U/PD PREVAIL DSP 23X36 PAD 4X18",23.96
"38004093200","STAYFREE MAXI REGULAR SCENTED 8X24CT",23.94
"7097091024","PEANUT CHEWS",23.8
"5884782801","ULTRA DISH DETERGNT CIT12/CS JD OBS",23.75
"7940025190","DEGREE WOMEN INV/SLD SHOWER CLEAN 2.6OZ",23.63
"30067000524","EX-LAX CHOCOLATE 24CT",23.56
"8770140239","GNP EPSOM SALT PWD 6X4 LB",23.45
"8307811314","CARMEX CARDED SQUEEZE TUBE 12X0.35OZ",23.41
"7830007026","STAYFREE MAXI REG PAD DEODERANT 8X24CT",23.34
"8770164932","GNP NON-ASPRN X/S N/CRC CPL 50",23.26
"8770141192","GNP NITETIME 6HR ORIG LIQ 8 OZ",23.16
"3927822010","TIGER BALM OINTMENT XTRA STRENGTH 18GM",23.07
"8770140238","GNP EPSOM SALT PWD 12X16 OZ",22.99
"30573288310","PREPARATION H SUPPOSITORY 12CT",22.97
"31254662822","HALLS PLUS BAG HONEY LEMON 25CT",22.92
"2200000171","WRIGLEY SPEARMINT 5 STK",22.9
"8770140819","GNP FISH OIL 1000 MG SGC 120",22.83
"30395045591","CAMPHOR GUM BLOCKS 16X1OZ HUMCO",22.77
"2570000388","ZIPLOC FREEZER BAG QUART 12/CS JD OBS",22.74
"5884782803","ULTRA DISH DETERGNT LEMN 12/CS JD OBS",22.5
"1254661267","TRIDENT GUM S/F CINNAMN VALUPK",22.49
"32586610502","ALEVE CAPLET 24CT",22.36
"4133311601","BATTERY DUR 9V MN1604B",22.36
"31254663339","HALLS BAG CHERRY BONUS 40CT",22.32
"5884782806","DISH DETERGENT ULTR OXY 12X28OZ PUC",22.31
"67811225415","CLEAR EYES REDNESS RELIEF 0.5OZ",22.25
"30065042915","SYSTANE DRY EYE DROP 15ML",22.19
"8770189707","GNP STOOL SFT AND LAX TAB 100",22.17
"7084781116","MONSTER",22
"65230810713","CANE OFFST DS PURP ADJUST",21.99
"65230870606","CANE OFFSET W/STRAP BLACK C1060BK- NOVA",21.99
"65230870703","CANE OFFSET CAMOUFLAGE 1070CF NOVA",21.99
"36382427663","DELSYM CHILD 12HR COUGH ORANGE 3OZ",21.98
"2800001077","BABY RUTH 2.1OZ",21.97
"4583600100","HOLLYWOOD COCOA BUT",21.97
"32390001077","VICKS COUGH DROP BOX MENTHOL 20X20CT",21.93
"3500051400","COLGATE REG CAVITY PROTCT PASTE 4.6OZ",21.92
"31254600227","LBL HALLS BAG HNEY BNS",21.9
"4111600519","RING POP ASST FLAVORS",21.87
"30081073088","NEOSPORIN OINTMENT 0.5OZ",21.66
"8770110406","GNP ARTIFICAL TEARS DRP 0.5 OZ",21.59
"8770142502","GNP GAS RELIEF XS 125MG 100CT",21.58
"8770179251","GNP MICONAZ 7 VAG CRM 1.59 OZ",21.58
"8770140513","GNP APAP ARTH 650 MG CPL 50",21.56
"6233887979","EASY-OFF OVEN CLNR NVY DUTY",21.4
"7113000051","GENTLE TREATMENT RELAXER KIT JDEOBS",21.38
"1204403884","OLD SPICE H/E SOLID FRESH DEO 3OZ",21.34
"30603082354","Q-DRYL A/F 12.5MG/5ML ELIXIR 4OZ QLT",21.29
"30081074688","NEOSPORIN PLUS PAIN OINTMENT 0.5OZ",21.27
"4310075026","ENVELOPE PRESS IT #10 SEC 45CT",21.17
"30045013404","IMODIUM A-D LIQUID MINT 4OZ",20.97
"4116700841","ICY HOT PATCH MAX STRENGTH 5CT",20.97
"8770160153","GNP MILK/MAG MINT LIQ 12 OZ",20.95
"8770140235","GNP ALCOHOL 70% ISOP LIQ 12X16 OZ",20.72
"2120001023","SCOTCH TAPE MAGIC DISPENSER 3/4""X300INCH",20.59
"36373604130","BOIL EASE OINTMENT 1OZ",20.58
"8770140677","GNP NASAL CLR MED /LGE STP 30",20.58
"38137004768","BAND-AID COMFORT-FLEX ADHSVE PAD LG 10CT",20.46
"8770140285","GNP SELFGRIP TAPE 3 INCH TPE",20.36
"5113164204","SCOTCH TAPE SHIPPING CLEAR DSPR 2X800IN",20.32
"30031869412","ROBITUSSIN CHILD COUGH LA SYRUP 4OZ",20.07
"8496300601","EASY TOUCH PA LANCET 30G 100CT",20
"32878510150","VAPORIZER V150 W/LIGHT 1.5GAL VICKS",19.99
"9089150000","U/WEAR PREVAIL PROT YTH SM U/G 4X22",19.99
"30395206311","SWEET OIL WITH DROPPER 1OZ HUMCO",19.98
"8770164954","GNP CH DIPHEDRYL ELX 4 OZ",19.95
"3700012335","SECRET ORIG INV/SLD SHEER CLEAN 2.6OZ",19.9
"4650073333","GLADE 8 OZ AEROSOL HAWAIIAN BREEZE",19.9
"7976502000","WATER DISTILLED 6X1GAL SUNTORY WATER GRP",19.81
"8770140212","GNP ACID REDC 20MG MX/STR TAB 8",19.74
"38137003296","JOHNSONS BABY OIL GEL ALOE/VIT E 6.5OZ",19.6
"3600019317","DEPEND FITTED BRIEF MAX PROTCT LG 4X16CT",19.59
"8770140847","GNP APAP INF GRPE RLIEF DRP 2 OZ",19.58
"7301048010","TAMPAX FLUSHABLE SUPER PLUS 20CT",19.56
"30065019310","OPTI-FREE REWETTING DROP 10ML",19.51
"30149003929","PEPTO BISMOL SUS",19.47
"8770140585","GNP CLEAR LAX PWD 4.1 OZ",19.47
"8770189897","GNP IBUPROFEN 200 MG CPL 50",19.16
"7006612330","COCOA BUTTER 100% STICK 1OZ WOLTRA",19.14
"8770142533","GNP DAYTIME COLD FLU PE LIQUID 8OZ",19.07
"1420000069","CHARMS BLOW POP",19
"8770180042","GNP CLOTRIMAZ ANTI FUNGAL CRM  .5 OZ",18.88
"30521234500","VASELINE PETRO JELLY JAR 13OZ",18.87
"3600025824","KLEENEX FACIAL UPRIGHT ULTR WHT 27X75CT",18.87
"3600014236","KLEENEX WALLET FACIAL TISSUE 32X3X10PK",18.82
"8496291511","EASY TOUCH SYG",18.8
"5884782802","ULTRA DISH DETERGNT APPLE12/CS JD OBS",18.75
"67274450175","FACIAL TISSUE 36X160CT PUC",18.75
"8770140119","GNP BANDAGE 2X2 STERIL PAD 10",18.62
"8390000576","DIET GOLD PEAK TEA",18.59
"8770141306","GNP TOOTHBRUSH ADVANCED 6X2CT",18.59
"7301041409","TAMPAX FLUSHABLE SUPER PLUS 10CT",18.54
"7957301115","PILL SPLITTER PS12E HEALTH ENTERPRISE",18.45
"4900000371","POWERADE FRUIT PUNCH 20 OZ",18.44
"7298200210","JUST FOR ME CREME RELAXER KIT JDEOBS",18.38
"8770141179","GNP ANTI-DIAR 2 MG CPL 72",18.34
"81483201041","LUDENS BAG HONEY LEMON 30CT",18.21
"32878522100","VAPORIZER 210 W/LIGHT 1GAL KAZ",18.19
"1650007410","ONE-A-DAY WOMEN TABLET 100CT",18.18
"7685570059","PILL ORGANIZER 70059B WEEKLY TWICE-A-DAY",18.13
"30087040303","TRI-VI-SOL DROP 50ML",17.98
"8770140360","GNP ARM SLING OSFA",17.98
"30225061023","BENZEDREX INHALER",17.97
"1150900162","SEA BOND DENTURE ADHESIVE UPPER 15CT",17.96
"3160011511","S.C SHOE POLISH LIQUID BLACK",17.96
"3160011711","KIWI SHOE WHT LIQ 2.5 OZ",17.96
"7033070826","BIC CLASSIC RAZOR SENSITIVE SKIN 6CT",17.88
"3400000502","TWIZZLER STAWBERRY",17.85
"34601701112","GERITOL LIQUID 12OZ",17.78
"4000042206","MILKY WAY",17.72
"2410012261","SUNSHINE CHEEZ-IT",17.69
"8770141198","GNP TUSSIN CF MAX LIQ 4 OZ",17.67
"3700006199","HEAD SHOULDERS SHAMP DRY SCALP 13.5OZ",17.64
"9698601306","CUTEX POLISH REMOVER NON-ACETONE 4OZ",17.61
"30005434462","CENTRUM LIQUID 8OZ",17.58
"30045027026","TYLENOL COLD /FLU SEVERE CAPLET 24CT",17.58
"68142102002","DULCOLAX 5MG TABLET 25CT",17.58
"31284355536","BAYER ASPIRIN TABLET 24CT",17.56
"8770137366","GNP THERM DIG ORAL",17.56
"7339000011","MENTOS 1.3OZ MINT",17.46
"1650004019","ALKA-SELTZER TABLET 12CT",17.45
"7279000032","DARK & NATURAL HR C",17.38
"38137005570","BAND-AID PLUS ANTIBIOTIC ASST 20CT",17.37
"1150900401","JOHNSONS FOOT SOAP 4CT",17.34
"31254662752","HALLS DEFENSE STICK ASST CITRUS 20X9CT",17.25
"8770140409","GNP RANITIDIN 150 MG TAB 24",16.98
"8770141298","GNP PERSONAL CLEANSING FLUSHABLE WIPE 48",16.9
"8770140799","GNP PRE NATAL TAB 100",16.78
"4116700391","CORTIZONE-10 CREAM 1OZ",16.77
"3600001003","KOTEX MAXI JD OBS",16.76
"31254663029","HALLS SUGAR FREE BNS BAG BLK CHERRY 30CT",16.74
"68142103002","ZANTAC 75 TABLET 4CT",16.73
"30005550919","CALTRATE 600-D TABLET 60CT",16.68
"3700032023","CREST BAKE SODA PEROXIDE PASTE 4.6OZ",16.63
"36382405718","MUCINEX D PSE TABLET 18CT",16.59
"31011902090","OPCON-A ALLERGY EYE DROP 15ML",16.48
"8770141171","GNP GAUZE ROL 3X 2.5 YD GZE 5",16.48
"32390000617","VAPORUB BABY 50GM",16.47
"8770140596","GNP FLU RELIF DYTIME LIQ 8.3 OZ",16.47
"8770141331","GNP ANTI DIAR 2MG SGC 24CT",16.47
"31015805306","POLIDENT ORIGINAL TABLET 40CT",16.36
"2840043503","CHEETOS PUFFS",16.17
"34580239504","VIT A&DOINTMENT 4OZ PERRIGO",16.17
"7046209850","SOUR PATCH KIDS",16.15
"2800008000","RAISENETTES 1.58OZ",16.02
"4000000105","SNICKERS ALMOND BAR",16.02
"31101741005","TINACTIN SPRAY LIQUID VALUE SIZE 5.3OZ",15.98
"5280048846","LUBRIDERM LOTION DLY MOIST SCNTD 16OZ",15.98
"7214011015","EUCERIN LOTION INTENSIVE REPAIR 8.4OZ",15.98
"1101714900","SCHOLLS MOLEFOAM CUSHION 4 1/8X3 3/8 2CT",15.96
"30043634404","TRIAMINIC NITE COLD COUGH GRAPE 4OZ",15.89
"36382420020","MUCINEX SINUS-MAX PRESSURE PAIN TAB 20CT",15.89
"38137003640","AVEENO BATH PACKET REGULAR 8X12OZ",15.78
"1920074186","LYSOL DISINFECTANT SPRAY LINEN 12.5OZ",15.77
"3700000321","CREST REGULAR PASTE 6.4OZ",15.7
"81809400001","ROCK STAR ENERGY DRINK",15.6
"32586653646","ALEVE ARTHRITIS GELCAP 40CT",15.58
"80136230006","BUBBLES W/WAND 8OZ 36/CS JD OBS",15.56
"5113199524","NEXCARE WATERPROOF ASST 20CT",15.55
"31254662544","HALLS SUGAR FREE BAG MOUNTN MENTHOL 25CT",15.54
"7726000205","VALENTINE HEART STOVER",15.36
"81483201043","LUDENS BAG CHERRY 30CT",15.33
"3800076541","RICE KRISPIES TREATS",15.32
"8770140218","GNP DIBROMM GRP PE ELX 4 OZ",15.29
"8770140380","GNP NEO KNEE OSFA O/PATL",15.19
"31101710044","SCHOLLS CALLUS REMVR CUSHION X/THICK 4CT",15.16
"8770140155","GNP TUSSIN CF LIQ 4 OZ",15.16
"31254662928","HALLS BAG ICE PEPPERMINT 30CT",15.04
"8770140048","GNP MUSCLE RUB GRSLSS CRM 3 OZ",14.98
"4116705703","ASPERCREME CREAM 3OZ",14.97
"67811265920","CLEAR EYES MAX ITCHY RELIEF 0.5OZ",14.97
"7726000207","R/S HEART RED FOIL    7OZ",14.97
"7033068272","BIC STIC DS BLUE PEN",14.95
"8770140233","GNP ALCOHOL 70% ETHYL LIQ 12X16 OZ",14.95
"8770140339","GNP INSOLE MN FOAM OSFA",14.95
"8770140275","GNP GAS RE CH 125 MX/STR TAB 18",14.9
"4480000101","SWEET'N'LOW 50 PCKTS",14.8
"4203710373","BC HEADACHE POWDER 50CT",14.78
"31254770128","LISTERINE ORIGINAL 250ML",14.76
"7470410000","MURRAYS POMADE 3OZ JDEOBS",14.76
"7940050020","DOVE INVISIBLE SOLID POWDER SCENT 1.6OZ",14.76
"36382407214","MUCINEX DM MAX STRENGTH TABLET 14CT",14.7
"83786487006","SIMETHICONE 125MG CHEW 60CT PLUS PHARMA",14.67
"30149003930","PEPTO BISMOL MAX LIQUID ORIGINAL 4OZ",14.67
"2120001022","SCOTCH TAPE MAGIC 0.5"" 12X1CT",14.63
"8770142634","GNP MELATONIN 10MG QUCK DISOLVE 100 TAB",14.6
"30023324015","REFRESH OPTIVE DROP 0.5OZ",14.59
"3980008862","ENERGIZER WATCH LITHIUM 3V ECR2025BP SNG",14.57
"38137004430","BAND-AID FLEXIBLE FABRIC ASST 30CT",14.51
"1254661959","TRIDENT GUM 18 TROP TWST VALU",14.4
"8770140505","GNP RAZOR 4BL MENS DSPSBL 3",14.38
"1150900372","VAGISIL CREAM MXIMUM 1OZ",14.38
"3202301514","BB OIL MOISTURIZER 12 OZ JDEOBS",14.37
"31254662970","HALLS STK MENTHL LOZ 9",14.31
"1070540081","DENTEMP CUSTOM FILLER CAVITY OR CAP 12CT",14.22
"8770182470","GNP CHLD PAIN REL GRAPE SUS 4 OZ",14.22
"2260022319","NAIR LOTION BABY OIL 9OZ",14.18
"5113101594","NEXCARE MASK ALL PURPOSE 5CT",14.18
"7332551065690","HIBICLENS LIQ 4OZ",14.18
"5280048856","LUBRIDERM LOTION DLY MOIST UNSCNTD 16OZ",14.08
"4650021613","RAID ANT & ROACH AERO SPRAY 17.5OZ",14.07
"8770142550","GNP ANTIBIOTIC PLUS PAIN CRM 1OZ",14.07
"8770140899","GNP APAP 650 MG 8HR ER CPL 50",14.04
"8770141170","GNP GLOVE P/F OSFA LATEX GLV 50",14.04
"30045064660","RHINOCORT OTC ALLERGY 60 SPRAY",13.99
"30085075612","AFRIN PUMP 15ML",13.98
"37811201103","CHLORASEPTIC SPRAY S/F CHERRY 6OZ",13.98
"8770140898","GNP SUPHEDRIN 12HR 120MG CAP 20",13.98
"8770141177","GNP HEADACHE PM TAB 50",13.98
"8770142571","GNP APAP 500MG CAP 100CT",13.98
"1204438600","OLD SPICE STICK CLASSIC ORIGINAL 2OZ",13.93
"6233885257","AIRWICK TROPICAL SUNSET",13.93
"8770192131","GNP MICONAZOL 3 D/APPL CRM .32 OZ",13.89
"8770154970","GNP HYDROCORT 1 % CRM 1 OZ",13.81
"30766073919","TUMS EXTRA TABLET FRUIT SINGLE 12X8CT",13.8
"8770141199","GNP TUSSIN CF MAX LIQ 8 OZ",13.78
"8770140697","GNP COTTON SWB PAPER SWB 375",13.74
"7565600118","WATER BOMB BALLOONS 50PK 6/CT JD OBS",13.71
"1070080722","PAYDAY BAR 1.85OZ SNGL",13.7
"35416260002","0035416260002",13.68
"1204438970","OLD SPICE STICK CLASSIC ORIGINAL 3.25OZ",13.64
"30065213204","OPTI-FREE EXPRESS MULTIPURPOSE 4OZ",13.58
"4650001601","RAID YARD GUARD O/D FOGGER 16 OZ JDE OBS",13.58
"7379609920","MASK AEROSOL ADULT",13.58
"2068616614","EBOLINE PETROLEUM JELLY 8 Z",13.56
"3927842204","TIGER BALM ARTHRITIS RUB 4OZ",13.51
"73221620400","ZICAM INTENSE GEL SINUS PUMP W/MNHL .5OZ",13.49
"73221630024","ZICAM RAPIDMELT CITRUS 25CT",13.49
"7631430203","EMERGEN-C VIT C 1000MG ORANGE 30CT",13.49
"1116904904","FATHER JOHNS COUGH MEDICINE 4OZ",13.48
"1101710140","SCHOLLS FOOT EASE CORN CUSHION 9CT",13.47
"3160011615","S.C SHOE POLISH LIQUID SCUFF WHITE",13.47
"8770140241","GNP HYDRO PER 3 % LIQ 12X16 OZ",13.41
"8770142537","GNP MUCUS CHILD MLTI SYM BERRY LIQ 4 OZ",13.38
"88679001762","BENEFIBER HEALTHY SHAPE 33 DOSE 8.7OZ",13.25
"4310075050","MD ENV #10 WH 50",13.23
"8770140093","GNP PETROLEUM JELLY JEL 13 OZ",13.21
"3320025381","AIM ANTI-TARTAR GEL 6OZ",13.19
"8770141269","GNP VIT D 1000 IU SGC 250",13.19
"30031874214","ROBITUSSIN PEAK COLD NITE MULTI SYMP 4OZ",13.18
"7214045231","AQUAPHOR OINTMENT SKIN HEALING 1.75 OZ",13.18
"8770142581","GNP SORE THROAT CHERRY SPRAY 6 OZ",13.17
"2200000891","EXTRA PEPPERMINT GUM",13.08
"8770140698","GNP COTTON SWAB TRAVEL SWB 12X50",13.08
"4116743205","ALLEGRA D 24HR 180MG TABLET 10CT PSE CHT",12.99
"4900000790","POWERADE",12.99
"8770140373","GNP RIB BELT FEML UNIV",12.99
"7830007025","STAYFREE MAXI REG PAD UNSCENTED 8X24CT",12.97
"31254662920","HALLS PLUS BAG CHERRY 25CT",12.95
"3660230013","RICOLA BAG BONUS S/F LEMON MINT 24CT",12.95
"8770142522","GNP FIRST AID KIT 303PC",12.91
"8770198111","GNP HYDROCORT 1 %+MOIS CRM 1 OZ",12.89
"2200000484","ORBIT SPEARMINT SINGLE PACK",12.87
"3500055300","COLGATE TOOTHBRUSH PLUS FULL SOFT",12.81
"3500055800","COLGATE TOOTHBRUSH PLUS FULL MED",12.81
"30065008515","ALCON NAPHCON-A ALLERGY EYE DROP 15ML",12.79
"2500005601","MINUTE MAID APPLE JUICE",12.77
"2800008400","NESTLE CHUNKY BAR 1.4OZ",12.75
"34601701140","GERITOL TABLET 40CT",12.58
"8770179224","GNP STOOL SOFT /LAX TAB 60",12.58
"38137003513","JOHNSONS BABY LOTION 9OZ",12.57
"7172000007","TOOTSIE ROLL POP",12.56
"3980008861","ENERGIZER WATCH LITHIUM 3V ECR2016BP SNG",12.45
"7113000083","ULTRASHEEN COND EX DRY 2.25OZ JDEOBS",12.45
"3010012521","CLUB & CHEDDAR",12.42
"8770142532","GNP NITETIME SEVERE BERRY LIQ 8 OZ",12.38
"8770142600","GNP GLUCOSE TAB ORANGE 50CT",12.38
"7301031409","TAMPAX FLUSHABLE SUPER 10CT",12.36
"3500050302","COLGATE REG T/P 1.3 OZ",12.3
"31284353635","BAYER ASPIRIN TABLET 100CT",12.28
"7565603257","JA- POCKET TRAVEL FUZZY FACE 6X9",12.28
"8770141162","GNP TUSSIN DM MAX LIQ 4 OZ",12.27
"8770179212","GNP ANTI-DIAR 2 MG CPL 12",12.27
"8770141266","GNP ENEMA TWIN SALINE LIQ 2X4.5 OZ",12.25
"1254671250","CERTS SNGL ROLL SPEARMINT",12.2
"8770141328","GNP INTENSE MOISTURIZING LOTION 10OZ",12.18
"3700012442","SECRET ORIG SOLID POWDER FRESH 1.7OZ",12.16
"30043011718","GAS-X X/STR CHEWABLE CHERRY 18CT",12.08
"7007480365","PEDIALYTE FRUT FLAVOR SOL 1 LT",12.01
"8770140005","GNP HEAT WRAP THRAPY 2",12.01
"8770140736","GNP NIACIN FL FREE 500 MG CAP 100",11.99
"2220094020","MENN SPD STCK REGULAR DEO 1.8OZ",11.96
"6233877002","AIR WICK AEROSOL 8 OZ 4 N 1 FRESH WATER",11.94
"38137007902","JJ COACH SPORT TAPE 1.5""X10YD",11.92
"37513758507","COMPOUND W GEL 0.25OZ",11.89
"1904500174","BAN ROLL ON UNSCENTED 3.5OZ",11.88
"7007440707","ENSURE PLUS RETL VANILLA BTL 4X6X8OZ",11.69
"7561000410","ROYAL CROWN HAIR DRESSING 5 OZ JDEOBS",11.67
"3599530782","MAT MATCHBOX PEG (A) ASSORTMENT",11.64
"3700021737","JOY DISH SOAP 14OZ LEMONTWST25/CS JDEOBS",11.64
"30067813008","THERAFLU EXPRESSMAX FLU/CHG/SR THR 8.3OZ",11.59
"3980011077","ENERGIZER WATCH ZERO MERC 1.5V 364BPZ",11.59
"1033100008","WITCH HAZEL 8OZ DICKINSON",11.58
"31254717021","BENADRYL ALLERGY DYE FREE LIQUIGEL 24CT",11.58
"8770142524","GNP SINUS CONGESTION AND PAIN SEVERE",11.58
"30149003904","PEPTO BISMOL LIQUID ORIGINAL 4OZ",11.56
"8770140410","GNP OMEPRAZOL 20 MG TAB 14",11.49
"4116700393","CORTIZONE-10 OINTMENT 1OZ",11.48
"4746904040","OMEGA-3 1000MG GELCAP 150CT NATROL",11.39
"3660081371","CHAPSTICK CHERRY CARDED 24X0.15OZ",11.34
"8770141154","GNP VIT D-400 CHEW ORANGE TAB 100",11.27
"36373644263","MONISTAT 7 CREAM W/APPLICATOR 1.59OZ",11.19
"8770141252","GNP NASAL 4 DECONG SPY 1 OZ",11.18
"4138800009","BLISTEX LIP MEDX JAR#10120 0.25OZ JDEOBS",11.13
"7068510011","HAV-A-HANK HANDKERCHIEF",11.13
"32586610505","ALEVE TABLET 100CT",11.09
"8770142521","GNP ANTACID SMOOTHIE ASST'D FRUIT 90CT",11.07
"2800013170","NESTLE CRUNCH SNGL 1.55OZ",11.05
"36382400820","MUCINEX EXPECTORANT TABLET 20CT",10.99
"36382405620","MUCINEX DM TABLET 20CT",10.99
"36382417563","DELSYM 12HR COUGH ORANGE 3OZ",10.99
"4160800128","NORFORMS SUPPOSITORY TROPICAL 12CT",10.98
"8770140142","GNP ALLERGY SNUS PE MAX TAB 24",10.98
"8770140832","GNP GARLIC EN 400 MG TAB 30",10.98
"38137004452","BAND-AID FLEXIBLE FABRIC KNUCK/FNGR 20CT",10.97
"30521507000","Q-TIPS SWABS 170",10.95
"1254661531","TRIDENT GUM SPEARAMINT",10.89
"7033050604","BIC WITE OUT QUICK DRY WHITE JDE OBS",10.85
"8770141157","GNP CENTURY WMN ULTRA TAB 100",10.79
"68142103003","ZANTAC 75 TABLET 10CT",10.78
"8770142560","GNP EAR WAX REMOVER DROP 0.5OZ",10.78
"31254663031","LBL HALLS S/F BNS BAG",10.76
"8770160111","GNP ALLERGY 4 MG TAB 24",10.75
"7667710014","FAMOUS AMOS CHOC CHIP COOKIES",10.7
"7113000058","XXTREAT RELAX SUPER KIT",10.69
"32390000362","VAPORUB JAR 100GM",10.59
"4133300277","DURACELL HEARING AID EASY TAB 13 8PK",10.59
"8770140366","GNP ANKLE BRC LG/XLG",10.59
"1200081331","VANILLA FRAPPUCHINO 13.7 OZ",10.5
"30573019610","ADVIL ALLERGY CONGEST RELIEF TABLET 10CT",10.49
"73838423457","CERVICAL CLLR 2.5"" UNIV",10.49
"8770128810","GNP DAIRY RELIEF CPL 120",10.49
"2120001030","SCOTCH TRANSPARENT TAPE 0.5""X450INCH",10.48
"30521516328","Q-TIPS COTTON SWAB 375CT",10.47
"7279000015","MAGIC SHAVE POWDER BLUE 5OZ JDEOBS",10.47
"81483201040","LUDENS BAG BERRY 30CT",10.45
"8770191009","GNP ASPIRIN CHRY CHEW TAB 36",10.45
"7279010270","STA SOF FRO HAIR AN",10.38
"8770182673","GNP NAPROXEN 220 MG",10.38
"31254717167","BENADRYL ITCH STOP MAX STR CREAM 1OZ",10.38
"8770153380","GNP LICE TRMT SHM 4 OZ",10.29
"7560210102","SATHERS ORANGE SLICES 2/$1.50",10.23
"73838423458","CERVICAL CLLR 3"" UNIV",10.19
"38137003314","JOHNSONS BABY OIL 14OZ",10.18
"8770142669","GNP CENTURY MATURE MULTIVIT MEN TAB 100",10.18
"2220000295","AFTA SKIN CONDITIONER FRESH 3OZ",10.17
"4160808740","SUMMERS EVE DOUCHE TWIN FRESH 2X4.5OZ",10.17
"4160808747","SUMMERS EVE DOUCHE TWIN XCLEANS 2X4.5OZ",10.17
"8770141101","GNP APAP MULT COLD SEVERE CPL 24",10.17
"30603085794","Q-TUSSIN AF CHERRY 4OZ QLT",10.14
"7431238870","TEA TREE OIL 1OZ NAT BOUNTY",10.09
"2571567405","PILL REMIND 67405 ODAT 4XCLAM MED 6X1CT",10
"73588220295","GRAD GRANDSON GENERAL",10
"73588226331","EAS GENERAL GENERAL",10
"1650055008","ONE-A-DAY ADVANTAGE MEN 50+ 65CT",9.99
"30067628614","PREVACID OTC 24HR CAPSULE 14CT",9.99
"30573015040","ADVIL TABLET 100CT",9.99
"32586653647","ALEVE ARTHRITIS CAPLET 100CT",9.99
"4746905865","MELATONIN 5MG TABLET 90CT NATROL",9.99
"85656900201","FREEZE IT PAIN RELIEF GEL 4OZ",9.99
"30573016920","ADVIL LIQUIGEL 20CT",9.98
"8770140358","GNP ELASTIC 3IN S/ADH BDG",9.98
"8770142619","GNP NAPROXEN SODIUM 220MG SOFTGEL 20CT",9.98
"8770143595","GNP NASAL 12H X/ MOIST SPY 1 OZ",9.98
"8770143612","GNP ANTACID CAL ULT/ST TAB 72",9.97
"31101731880","SCHOLLS INGROWN TOE RELIEF 12CT",9.94
"31284313105","BAYER ASPIRIN LO DOSE CHWTAB ORANGE 36CT",9.87
"4138821041","BLISTEX LARGE TBE JDEOBS",9.87
"38137104653","JJ BANDAID DISNEY PRINCESSES",9.8
"8770140361","GNP ELASTIC KNEE S/M",9.79
"8770140849","GNP INFNT GAS RLF D/FR DRP 1 OZ",9.79
"8770183623","GNP DIPHEDRYL CAP 100",9.79
"30149003908","PEPTO BISMOL LIQUID ORIGINAL 8OZ",9.78
"31254770131","LISTERINE ORIGINAL 500ML",9.78
"8770194584","GNP TRP ANTIB M/S W/PRAM ONT 1 OZ",9.77
"7560210125","SATHERS GUMMI WORMS 2/$1.50",9.75
"8770140746","GNP VIT C 1000 MG TAB 100",9.7
"8770140754","GNP VIT E 400 DL ALPHA SGC 100",9.7
"30395004996","ALUM AMMONIUM USP POWDER 6OZ HUMCO",9.69
"4116706651","GOLD BOND ULTIMATE LOTION HEALING 14OZ",9.68
"38137003718","JOHNSONS BABY SHAMPOO 7OZ",9.66
"1200000085","MT DEW",9.6
"4116701704","GOLD BOND FOOT POWDER 4OZ",9.58
"30904052060","VIT B6 50MG TABLET 100CT MAJOR",9.57
"8770140583","GNP DENTURE 15 MIN TAB 42",9.57
"8770155205","GNP SALINE .65% NASAL SPY 44 ML",9.56
"1650053765","ALKA-SELTZER PLUS TABLET 36CT",9.49
"30045049660","TYLENOL REGULAR STR TABLET 100CT",9.49
"4858200330","BIOTENE DRY MOUTH ORAL RINSE A/F 16OZ",9.49
"8770142622","GNP NICOTINE 2MG REGULAR GUM 20 CT",9.49
"8770142624","GNP NICOTINE 4MG REGULAR GUM 20 CT",9.49
"7731240622","AMPRO PROTEIN STYLE GEL 6OZ JDEOBS",9.46
"8770142518","GNP IBUPROFEN 200MG TRAVEL SIZE 12X8CT",9.45
"38290841101","BD ULTRA 1CC 10/BAG",9.4
"3500056685","ULTRA BRITE PASTE 6OZ",9.39
"67293578109","DR FRSH AIM DNTL FLS PCK 60",9.35
"3980001546","ENERGIZER MAX ALK AA E91BP2 2PK",9.27
"3600011974","KLEENEX FACIAL TISSUE GO PACK 12X8X10CT",9.26
"3700074087","METAMUCIL SMOOTH ORANGE PACKET 30CT",9.26
"8770140310","GNP CORN REMOVR 9",9.2
"2800020630","100 GRAND  1.5OZ",9.18
"87092900307","SILKIENCE SILKY SMOOTH CONDITIONER",9.16
"30766074020","TUMS REG 1 12CT PACK PEPPERMIN",9.1
"7339000016","MENTOS MIXED FRUIT",9.09
"8770140588","GNP LOTION DALY MOISTZ LOT 12 OZ",9
"8770140684","GNP APAP COLD M/S NIGHT LIQ 8 OZ",9
"30005446381","CENTRUM SILVER TABLET 80CT",8.99
"30005475557","CENTRUM WOMEN TABLET 120CT",8.99
"30045058924","SUDAFED PE PRESSURE/PAIN COUGH CPL 24CT",8.99
"30603064988","TRIXAICIN HP 0.075% CREAM 60GM QLT",8.99
"3848567250","YODORA DEODORANT CREAM 2OZ",8.99
"4116700879","ICY HOT BALM OINTMENT 3.5OZ",8.99
"8770140399","GNP ALLERGY 24HR CETIR TAB 14CT",8.99
"8770141182","GNP SUN SPORT SPF50 SPY 8 OZ",8.99
"8770142504","GNP MUCUS RELIEF DM MAX 6OZ",8.99
"3160010113","S.C SHOE POLISH PASTE BROWN",8.98
"3160011811","S.C SHOE DYE BLACK",8.98
"3700089141","CREST 3D WHITE PASTE RADIANT MINT 5.5OZ",8.98
"4116705701","ASPERCREME CREAM 1.25OZ",8.98
"8770155564","GNP COLD/HOT THPY P/RELF BLM 3.5 OZ",8.98
"30132020142","FLEET ENEMA TWIN 2X4.5OZ",8.97
"4133322401","DURACELL COPPERTOP AAA 2CT",8.97
"7565600256","WOW KA-POW BALL GUN 12",8.97
"8770140337","GNP CALLUS CUSH 6",8.95
"7214011019","EUCERIN LOTION 8.4OZ",8.89
"8770140130","GNP WATER BTL REG",8.89
"30132020140","FLEET ENEMA SINGLE 4.5OZ",8.85
"8770141172","GNP BANDAGE ASST VAR BDG 30",8.81
"30045027125","TYLENOL COLD MAX DAY CAPLET 24CT",8.79
"4858200155","BIOTENE DRY MOUTH MOIST SPRAY 1.5OZ",8.79
"3700044980","CREST PRO-HEALTH RINSE CLEAN MINT 250ML",8.78
"8770141103","GNP APAP SNUS NITE 325MG CPL 24",8.78
"8770141166","GNP GAUZE ROL 4.5X 4.1 YD BDG 1",8.78
"7565603120","PLAY MONEY 24/CT JD OBS",8.72
"1650055527","ALKA-SELTZER PLUS LIQUIGEL NIGHT 20CT",8.69
"36382405400","SCALPICIN LIQUID MAX STRENGTH 1.5OZ",8.69
"7279000031","DARK & NATURAL HR C",8.69
"84964808224","DOANS ERXTRA STRENGTH CAPLETS 24CT",8.69
"74422944068","MASK ARESL PEDI BBLS 2",8.68
"8770140581","GNP DENTURE DBL ACTION TAB 42",8.67
"8770160105","GNP SUPHEDRIN TAB 24",8.67
"3500053063","FABULOSO LAVENDER 12X22 OZ JDEOBS",8.65
"4110080743","CORICIDIN HBP CHEST CONGEST CGH SGC 20CT",8.59
"4110081138","CORICIDIN HBP COUGH COLD TABLET 16CT",8.59
"30521308400","VASELINE INT CARE LOTION REPAIR 10OZ",8.58
"7666030001","FIXODENT FREE ADH/CRM 1.4OZ",8.58
"8770140153","GNP TAPE SELF ADH 2X2.3",8.58
"8770160152","GNP MILK/MAG REG LIQ 12 OZ",8.58
"2220094022","SPEED STICK A/P FRESH SCENT 1.8OZ",8.52
"2260008552","SIMPLY SALINE WOUND WASH 210ML",8.49
"36842920102","BLUE STAR OINTMENT 2OZ",8.49
"8770141181","GNP SUN SPORT SPF30 SPY 8 OZ",8.49
"30067791806","THERAFLU POWDER NITE SEVR COUGH/COLD 6CT",8.39
"82775507014","BRUT COLOGNE 5OZ",8.39
"8770141119","GNP HEADACHE XS RELIEF CAPLET 100",8.39
"8770141323","GNP EYE DROPS TEARS 15ML",8.39
"7561015710","BLUE MAGIC COND HAIR DRESSING 12OZ JDOBS",8.38
"7561016110","BLUE MAGIC BERGAMOT 12 OZ JDEOBS",8.38
"8770141105","GNP SINUS CNG PAIN CPL 24",8.38
"8770141163","GNP PK BISMTH LIQ 4 OZ",8.36
"4116700610","UNISOM GELCAP 8CT",8.32
"8770141110","GNP HEMORRH ONT 2 OZ",8.29
"8770172289","GNP PK BISMTH TAB 30",8.24
"4145771170","GOODY BRAID PONY TAILBL 18",8.2
"8770140124","GNP ICE BAG 11 IN",8.19
"1101714800","SCHOLLS MOLESKIN CUSHION 4 5/8X3 3/8 3CT",8.18
"4160808743","SUMMERS EVE DOUCHE TWIN MEDICATD 2X4.5OZ",8.14
"7046254250","SWEDISH FISH  2OZ RED BAG",8.11
"3202300210","BB DOUBLE STRENGTH SUPER GRO 6OZ JDEOBS",8.09
"1204400027","OLD SPICE H/E SLD PURE SPORT DEO 2.25OZ",8.07
"1980000123","WINDEX BLUE W/SPRAYER 12X12OZ",8.07
"31254662936","HALLS BAG MENTHO-LYPTUS 30CT",8.07
"73588200225","ANN GRANDCHILDREN GENERAL",8
"2571591340","PILL REMIND 91340 PHARMADOSE CARDED API",7.99
"30067791706","THERAFLU DAY SEVERE COLD & COUGH 6CT",7.99
"30573016430","ADVIL PM CAPLET 40CT",7.99
"3834110677","ORABASE 20% BENZOCAINE PASTE 12GM",7.99
"4116716022","FLEXALL GEL MAX STRENGTH 3OZ",7.99
"8770140786","GNP HEALTHY EYES TAB 60",7.99
"8770141193","GNP ANTISEPTI SKIN CLEANS LIQ 8 OZ",7.99
"30043013410","GAS-X X/STR SOFTGEL 10CT",7.98
"2571567009","PILL REMIND 67009 7DAY 7 SIDE MEDIUM API",7.96
"6233876143","AIRWICK RAIN GARDEN",7.96
"31254600092","HALLS STICK XTRA STRONG 20X9CT",7.95
"30521309100","VASELINE INT CARE LOTION ALOE 10OZ",7.94
"2200000666","WRIGLEY'S DOUBLEMINT GUM",7.92
"2571597523","FINGER SPLINT DELUXE MEDIUM API",7.89
"7279000371","D&L HAIR CLR #371 JET BLK",7.89
"7279000372","DARK & LOVELY NATYRAL BLACK HAIR COLOR",7.89
"7279000378","DARK & LOVELY 378 HONEY BLONDE",7.89
"81483201082","PEDIACARE COLD MULTI SYMPTOM GRAPE 4OZ",7.89
"9484125610","SIMILASAN COUGH SYRUP 4OZ",7.89
"32586610503","ALEVE TABLET 50CT",7.79
"32586610504","ALEVE CAPLET 50CT",7.79
"78765112253","AZO STANDARD TABLET MAX STRENGTH 12CT",7.79
"3500076104","COLGATE BAKE SODA PEROX PASTE 8.2OZ",7.78
"31254662659","HALLS BREEZERS BAG TROPICAL CHILL 25CT",7.77
"7015800024","KRAZY GLUE PEN 2 GM",7.77
"7569160110","THREAD BLACK",7.77
"8770140509","GNP RAZOR TWN MENS DSPSBL 5",7.77
"8770141265","GNP ENEMA SALINE LIQ 4.5 OZ",7.74
"2360109520","TIP CRUTCH XL 7/8TAN TIP",7.69
"30193513401","CREAM HEEL THERDERMAL CRM 2OZ",7.69
"88793063540","LBL KODAK XTRA HD 9 VOLT 1 PK",7.66
"4000000266","SKITTLES SOURS 2.17OZ BAG 24/CS JDEOBS",7.65
"7339000014","MENTOS CINNAMON",7.65
"30085096315","LOTRIMIN AF CREAM 12GM",7.59
"8770141169","GNP GLOVE P/F OSFA NTRILE GLV 40",7.59
"85406500210","PINE BROS THROAT DROP BAG HONEY 32CT",7.58
"85406500211","PINE BROS THROAT DROP BAG CHERRY 32CT",7.58
"30187546506","CALADRYL LOTION PINK 6 OZ",7.49
"4203710560","MASSENGILL TWIN VINEGAR/WATER 2X4.5OZ",7.47
"81655901286","VO5 SHAMPOO EXTRA BODY 12.5OZ",7.45
"8770175606","GNP IBUPROFEN 200 MG TAB 100",7.4
"3076852957","CALCIUM+D3 GUMMY 50CT SUNDWN",7.39
"32390001396","ZZZQUIL LIQUID 6OZ",7.39
"32390003802","ZZZQUIL LIQUIGEL 12CT",7.39
"7726000809","RS PECTIN JELLY BEANS 12OZ",7.38
"8770140085","GNP NASAL SPY SALINE LIQ 3 OZ",7.38
"3500074100","COLGATE TOTAL MINT STRIPE PASTE 6OZ",7.38
"7470470000","NUNILE POMADE ( YELLOW)",7.38
"7940025150","DEGREE WOMEN INV/SLD SHEER POWDER 1.6OZ",7.38
"3700044981","CREST PRO-HLTH RNS MULTI CLN MNT 500ML",7.31
"281020536","SURGILUBE STERILE TUBE 12X4.25OZ",7.29
"7561043110","SULFUR 8 HALR/SCALP COND 4OZ JDEOBS",7.29
"9110810125","COLD-EEZE BOX HONEY LEMON 18CT",7.29
"4138809701","STRIDEX MAXIMUM STRENGTH PAD 55CT",7.2
"3202300704","AFRICAN ROYALE HOT SIX OIL 8 OZ JDEOBS",7.19
"8770189898","GNP IBUPROFEN 200 MG CPL 100",7.19
"8770140512","GNP BANDAGE LIQ 0.3 OZ",7.18
"8770140152","GNP TAPE W/P .5X 10 YD",7.17
"88348433353","PERT SHAMPOO CLASSIC CLEAN 13.5OZ",7.17
"30031223413","DIMETAPP COLD COUGH 4OZ",7.09
"30085411201","AFRIN SPRAY SINUS 15ML",7.09
"38290207314","ACE ELASTIC 3"" BDG",7.09
"64193220212","GLOVE VINYL P/F L/F MD GLV 100",7.09
"8770140122","GNP ICE BAG 9 IN",7.09
"8770141191","GNP NITETIME 6HR ORIG LIQ 12 OZ",6.99
"8770142631","GNP CHILDRENS MULTIVTMN FRUIT GMY 60CT",6.99
"2260002915","SIMPLY SALINE MIST ORIGINAL 1.5OZ",6.89
"30031871612","ROBITUSSIN CHILD COUGH COLD CF SYRUP 4OZ",6.89
"87092900313","SILKIENCE 2 N 1 SHAM/COND",6.87
"8770140338","GNP CALLUS REMOVR 6",6.87
"1070080422","ZERO BAR SNGL",6.8
"1033100016","WITCH HAZEL 16OZ DICKINSON",6.79
"1225811404","MOTHERS FRIEND CREAM 4OZ",6.79
"31074201957","FLETCHERS KIDS LAXATIVE 3.25OZ",6.79
"37513752010","FREEZONE CORN REMOVER LIQUID 0.31OZ",6.79
"8770140097","GNP IODIDES TINC DECLOR LIQ 2 OZ",6.79
"4116706408","GOLD BOND MEDICATED LOTION XTRA STR 8OZ",6.69
"8770142025","GNP FIBER NAT ORIG TEXTR PWD 13 OZ",6.62
"30031873712","ROBITUSSIN PEAK COLD DM S/F CGH/CONG 4OZ",6.59
"8770141133","GNP ZINC OXID OINT ONT 2 OZ",6.58
"7569100260","DYN THREAD CLEAR NYLON",6.57
"8770140681","GNP BANDAGE W/P CLEAR BDG 30",6.57
"88438915974","CURAD ROLLED GAUZE PRO-SORB 3""X2.5YD",6.57
"3834108008","PEROXYL 1.5% MOUTH SORE RINSE 8OZ",6.54
"8730056009","NOXZEMA CLEANSING CREAM ORIGINAL 2OZ",6.51
"1101723150","SCHOLLS FOOT POWDER 7OZ",6.49
"31015808111","SENSODYNE PASTE MINT 4OZ",6.49
"31015883050","SENSODYNE PASTE PRO ENAMEL MINT 4OZ",6.49
"8770140332","GNP COLD PACK",6.49
"8770170344","GNP GAS RELIF 80 TAB 100",6.49
"1158800403","CUTICURA SOAP 5.25OZ ORIGINAL",6.46
"4641211892","SPRAY BOTTLE 32OZ 48/CS JD OBS",6.46
"5884795096","OXY HARD SURFACE CLEANER 12/CS JD OBS",6.45
"8770142606","GNP LANCETS 33G 100CT",6.45
"31031033940","ORAJEL BABY NIGHTTIME GEL 0.18OZ",6.39
"5307611112","SAFETUSSIN 30 DM EXPECT DECONGESTANT 4OZ",6.39
"6233806130","WOOLITE    DS ORIG   16 OZ",6.39
"7301000454","TAMPAX PEARL REGULAR UNSCENTED 18CT",6.39
"7301000609","TAMPAX PEARL REGULAR SCENTED 18CT",6.39
"8770141175","GNP MIGRAINE CAP 50",6.39
"38004100047","CAREFREE ORIGINAL TO GO SCENT 18X20CT",6.36
"30521275000","VASELINE LIP THERAPY ORIGINAL 12X10GM",6.27
"7565602255","GLITTER GIRL NAIL SET 24CT PUC",6.27
"2200000173","JUICY FRUIT GUM SNGL",6.25
"8770140123","GNP ICE BAG 6 IN",6.19
"8770140895","GNP MOUTHWASH DRY MOUTH LIQ 16 OZ",6.19
"1980020133","WINDEX TRIGGR BLUE 12X26 OZ",6.18
"30132030140","FLEET ENEMA MINERAL OIL 4.5OZ",6.18
"3980001400","ENERGIZER MAX ALK AAA E92BP2 2PK",6.18
"4740024145","FOAMY SHAVE CREAM SENSITIVE 11OZ",6.18
"7957300916","PILL CRUSHER PC12 HEALTH ENTERPRISE",6.09
"2260022329","NAIR LOTION ALOE & LANOLIN 9OZ",6.03
"4145727103","GOODY HAIR LIFT VPK SM 3",6
"7339000220","AIRHEADS BLUE RASPBERRY",6
"73588235481","E GENERAL",6
"73588240525","DG CARD MOTHERS DAY",6
"99100000921558000000002","GIFTWARES OPEN DEPARTMENT",6
"30081079888","POLYSPORIN OINTMENT 15GM",5.99
"3700040090","FIXODENT CREAM COMPLETE 2.2OZ",5.99
"3848199417","BY ELBOW SUPP ELAS BLK LG",5.99
"7572434411","CR'O'NAT COLOR MIDN",5.99
"83124800197","DRAMAMINE 50MG TABLET 12CT",5.99
"8770140072","GNP GLYCERIN LIQ 6 OZ",5.99
"8770140485","GNP IBUPROFEN D/F BERY SUS 4 OZ",5.99
"8770141136","GNP METATARSL PAD 3X4",5.99
"2600000904","ELMER'S RUBBR CEMENT 4.1 OZ",5.98
"38137003011","JOHNSONS BABY POWDER 4OZ",5.98
"4133321501","DURACELL COPPERTOP AA 2CT",5.98
"64152800066","NICE LOZENGE CHERRY SUGAR FREE 24CT",5.98
"7214085700","BASIS BAR SENSITIVE SKIN 4OZ",5.98
"4154056404","LIQUID PAPER WHT BOND",5.97
"6233877897","AIR WICK WILD ROSE % PLUMERIA",5.97
"7565600305","JA- MAGIC GROW CAPSULE ANIMALS 6X9",5.97
"84105800519","EDGE SHAVE GEL SENS TRY SIZE 24X2.7OZ",5.97
"4310063350","MD INDEX CARD RLD 3X5 100",5.94
"3076815745","MELATONIN 5MG EX STR TABLETS 90CT SUNDWN",5.89
"3202300710","AFRICAN ROYALE BRAID SHEEN SPR",5.89
"8770140884","GNP INFANT CHRY 160MG SUS 1 OZ",5.89
"9089160020","PREVAIL BLADR MODERT PAD 9X20",5.89
"8770148570","GNP COTTON SWAB 300",5.87
"4000000051","STARBURST 2.7OZ ORIG BAG 36/CT JDEOBS",5.82
"31101710002","SCHOLLS CORN REMOVER PAD MEDICATED 9CT",5.79
"4740011036","GILLETTE GOOD NEWS RAZOR 5CT",5.79
"68142102101","DULCOLAX 10MG SUPPOSITORY 4CT",5.79
"8770142523","GNP COLD & FLU SEVERE CAPLETS",5.79
"8770195173","GNP IBU PSE C/S 200 MG CPL 20",5.79
"38137004667","BAND-AID COMFORT-FLEX SHEER ASST 40CT",5.78
"38137116123","JJ GAUZE PADS 2IN X2INCH 10CT",5.78
"8770142729","GNP ALCOHOL 70% ISOPROPYL USP 12X16OZ",5.78
"8770140355","GNP LIP BALM TUB LPB 48",5.77
"3827600905","LUSTERS S-CURL WAVE GEL 6OZ JDEOBS",5.69
"4138820391","KANKA ORAL PAIN LIQUID 0.33OZ",5.69
"4740012040","GILLETTE GOOD NEWS PLUS RAZOR 5CT",5.69
"8770141186","GNP DAYTIME ORIG LIQ 8 OZ",5.69
"89728807301","PACKING TAPE 2IN 12/CT JD OBS",5.67
"4133321301","DURACELL COPPERTOP D 2CT",5.59
"31254662546","HALLS SUGAR FREE BAG CITRUS BLEND 25CT",5.58
"31254663341","HALLS BAG HONEY LEMON BONUS 40CT",5.58
"31254663778","HALLS REFRESH BAG S/F STRAWBRRY 20CT",5.58
"7395410824","LBL MARYL TUMBLER 10OZ PLSTC 8CT",5.56
"7565600312","JA- MAGIC GROW SURPRISE EGG 5X7",5.56
"7339000201","AIRHEADS CHERRY",5.55
"38137003044","JOHNSONS BABY POWDER ALOE/VIT E 4OZ",5.53
"8770198370","GNP GAS RELF SGC 30",5.5
"30573019510","ADVIL CONGESTION RELIEF CAPLET 10CT",5.49
"7474300202","PALMERS SKIN WHITNR 1.5OZ",5.49
"8770140725","GNP VIT A 10K IU SGC 100",5.49
"8770140734","GNP BIOTIN 5000 MCG CAP 60",5.49
"36210332302","BOUDREAUX BUTT PASTE MAX STRENGTH 2OZ",5.43
"7339000221","AIRHEAD WHITE MYSTERY ASSOTR",5.4
"30149003977","PEPTO BISMOL CHEWTAB ORIGINAL 30CT",5.39
"68142103102","ZANTAC 150 TABLET 8CT",5.39
"8770140156","GNP TUSSIN CF LIQ 8 OZ",5.39
"8770189432","GNP WART REMV LIQ 0.5 OZ",5.39
"4310075212","MD ENV SECURT 3X6 80",5.37
"7214003868","EUCERIN CREAM TUBE 2OZ",5.29
"8770140216","GNP ANTACID CHRY MX/STR LIQ 12 OZ",5.29
"8770141126","GNP ANTI DIAR SUSP MINT LIQ 4 OZ",5.29
"8770182463","GNP CHLD PAIN REL BBGM SUS 4 OZ",5.29
"8770190027","GNP PK BISMTH LIQ 8 OZ",5.28
"30045091012","LACTAID FAST ACTING CAPLET 12CT",5.19
"8770141144","GNP SUN BURN RELIEF W-ALOE SPY 133 ML",5.19
"30521307600","VASELINE INT CARE LOTION MOIST 3OZ",5.16
"7033091188","BIC MECH DS PNCL .7MM",5.16
"1070002385","LEAF WHOPPERS 1 3/4 OZ",5.1
"38137004408","BAND-AID TOUGH STRIPS 1SZ 20CT",5.09
"38137004723","BAND-AID SPORT STRIP EXTRA WIDE 1SZ 30CT",5.09
"38137004833","BAND-AID TOUGH STRIPS WTRPRF 1SZ 20CT",5.09
"3160064306","S.C SHOE LACES ROUND ATHL 54"" BLK",5.08
"73588201577","DG CARD V DAY",5
"73588218695","DG CARD BIRTHDAY",5
"73588240670","MD MOTHER/MOM MAMA",5
"73588241061","GIFT BAG BDAY GENERAL",5
"30067203924","EXCEDRIN MIGRAINE CAPLET 24CT",4.99
"30573055620","PREPARATION H WIPE REFILL 48CT",4.99
"37811201104","CHLORASEPTIC SPRAY S/F MENTHOL 6OZ",4.99
"38137116127","JJ GAUZE PADS 4IN X4INCH 10CT",4.99
"3980001361","ENERGIZER MAX ALK 9 VOLT 522BP1 SINGLE",4.99
"68142102001","DULCOLAX 5MG TABLET 10CT",4.99
"7000012762","ABC MOTHERS DAY CARD",4.99
"7726000972","CHOCOLATE EGGS",4.99
"8770140340","GNP INSOLE WM FOAM OSFA",4.99
"8770140707","GNP MICONAZRB AF 2% PWD 2.5 OZ",4.99
"8770140733","GNP FOLIC ACID 400 MCG TAB 250",4.99
"8770141255","GNP DAYTIME COLD & FLU LGL 16",4.99
"3660231164","RICOLA BAG BNS HNYLEM ECHINACEA LOZ 24CT",4.98
"3980008512","ENERGIZER WATCH LITHIUM 3V ECR1216BP SNG",4.98
"7113000080","ULTRASHEEN COND REG 2.25OZ JDEOBS",4.98
"8770142660","GNP CHILDRN CHEWABLE COMPLT VITAMIN 30CT",4.98
"2200000488","ORBIT WINTERMINT GUM 14PC",4.95
"66152601718","AMER GREET STICKERS",4.95
"7339000203","AIRHEADS WATERMELON",4.93
"2318514505","EYE PATCH BLACK FLENTS SNGL API",4.89
"4116701040","GOLD BOND BODY POWDER 4OZ",4.89
"75618412011","LITTLE NOSES SALINE SPRAY DROP 30ML",4.89
"8770140731","GNP VIT B-12 500 MCG TAB 100",4.89
"84105801401","SCHICK HYDRO 3 REFILL 4CT",4.86
"8770174273","GNP BANDAGE FLEX FABRIC BDG 30",4.86
"8770141083","GNP BISA-LAX 5MG TAB TAB 25",4.79
"8770199096","GNP SUPHEDRIN 12HR CPL 10",4.79
"30299392304","CETAPHIL GENTLE CLEANSING BAR 4.5OZ",4.69
"3980009909","ENERGIZER MAX ALK AAA E92BP4 4PK",4.69
"4650001810","OFF ACTIVE AEROSOL 6 OZ JDEOBS",4.69
"8770141329","GNP SLEEP AID 25MG SFTGL 12CT",4.69
"7731240835","AMPRO CLEAR ICE STYLE GEL 6OZ JDEOBS",4.68
"4740013070","GILLETTE SERIES SHAVE GEL SENS 7OZ",4.59
"9460637300","PACIFIER SLICONCE AST 12/CT JD OBS",4.58
"30041085115","ORAL B TOOTHBRUSH ADVANTAGE 33 MED",4.49
"3160010114","S.C SHOE POLISH PASTE TRANSPARENT",4.49
"3160010120","S.C SHOE POLISH PASTE CORDOVAN",4.49
"3160011611","S.C SHOE POLISH LIQUID SCUFF BLACK",4.49
"3160011612","KIWI SCUFF MAGI BROWN LIQ 2.5 OZ",4.49
"3160064307","S.C SHOE LACES ROUND ATHL 54"" WHT",4.49
"3700046956","GLIDE PRO-HEALTH FLOSS MINT 54.6YD",4.49
"7513728693","EZO DENTURE CUSHION LOWER HEAVY 15CT",4.49
"7164132721","SHARPIE RT FINE BLK",4.48
"3320020202","AIM CAVITY PROTECTION GEL 6OZ",4.47
"7164130101","SHARPIE MARKR FINE BLACK",4.47
"80882907017","AIR FRESHENER AEROSOL FRESH 24X10OZ PUC",4.47
"4116702423","BALMEX CREAM 2OZ",4.39
"4116705010","GOLD BOND CREAM 1OZ",4.39
"7430008148","VISINE ADVANCED RELIEF 0.28 OZ JDE OBS",4.39
"8770140813","GNP MELATONIN 3 MG TAB 100",4.39
"8770141106","GNP PAIN ALLG MULT SYM CPL 24",4.39
"2260017161","ARRID REG 1.0 OZ",4.38
"30234012900","DUREX EXTRA SENSITIVE CONDOM 3CT",4.38
"8770140129","GNP SYRING EAR INFANT 1 OZ",4.38
"8770141088","GNP DENT FLOS MINT 100YD PAK 6",4.38
"8770141095","GNP COUGH DRP SF MENTHL 25",4.38
"7033090282","BIC PEN MEDIUM BLUE 2PK DROP SHIP",4.36
"3700003866","GLIDE FLOSS DEEP CLEAN MINT 40M",4.29
"7431201140","VIT D 400IU TABLET 100CT NAT BOUNTY",4.29
"8770140023","GNP MILK MAG CHERRY LIQ 12 OZ",4.29
"3400000340","CARAMELLO  1.6 OZ",4.25
"31074205210","PHISODERM CREAM CLEANSER NORMAL DRY 6OZ",4.24
"2571568352","EYE DROP CUP WITH GUIDE API",4.19
"31254742825","LISTERINE FRESH BURST 500ML",4.16
"37811201106","CHLORASEPTIC LOZENGE CHERRY 18CT",4.16
"4116709444","ACT KIDS ANTI-CAVITY BUBBLE GUM 16.9OZ",4.16
"8770142657","GNP NAUSEA RELIEF CHERRY 4OZ LIQUID",4.09
"8770191654","GNP ANTI-NAUS LIQ 4 OZ",4.09
"3700000376","SCOPE ORIGINAL MINT TRIAL SZ 48X44ML",4.04
"66152606902","CRTN CARD   .99",4
"7000009665","EVERYDAY CARD",4
"73588219106","DG MOTHER'S DAY",4
"73588223107","BDAY JUVENILE GENERAL",4
"73588232994","BDAY GENERAL GENERAL",4
"73588235822","BDAY GENERAL MASCULINE",4
"73588237587","FOR YOUR SISTER",4
"7565601373","JA- WHOOPIE CUSH RW1,HK2 1-2 6X9",4
"82775501058","AMMENS POWDER MEDICATED 11OZ",4
"2068602409","EBOLINE HAIR FOOD",3.99
"30067204524","EXCEDRIN TENSION HEADACHE CAPLET 24CT",3.99
"38137004728","JJ NON-STICK PAD LARGE 3""X 4""10CT JDEOBS",3.99
"38137004831","JJ FIRST AID TAPE CLOTH 1/2""X5YD",3.99
"38137008902","KY JELLY 2OZ",3.99
"38137116139","JJ GAUZE ROLL 4 IN X 2.5 YD",3.99
"38137116145","JJ WRAP HURTFREE 1 INCH X 2.3 YDS 1 CT",3.99
"8770141303","GNP DENTURE ADHESIVE ORIGINAL 2.4OZ",3.99
"2130621029","ISOPLUS NEUTRALIZING SHAM 8 OZ JDEOBS",3.98
"6233885825","AIRWICK LAV/CHAM STICKUPS",3.98
"7565604133","FLOWER GIRL GEMS RINGS 24CT PUC",3.98
"8770140132","GNP COTTON BALL JUMBO 70",3.98
"4422461060","AFTER BITE LIQUID 0.5OZ",3.89
"8770140284","GNP SELFGRIP TAPE 2 INCH TPE",3.89
"2200000174","WRIGLEY BIG RED 5 STK",3.85
"2570000330","ZIPLOC 25QT STORGE BAG 12/CS JDE OBS",3.79
"38137116137","JJ GAUZE ROLL 2 IN X 2.5 YD",3.79
"7561095010","BLACK/WHITE SKIN SOAP BAR 3.5 OZ",3.79
"7940078490","SUAVE A/P AEROSOL POWDER 6OZ",3.79
"8770155284","GNP ANTI ITCH 2% X/S CRM 1 OZ",3.79
"8770189855","GNP PK BISMTH MAX STR LIQ 8 OZ",3.79
"4310075100","MEAD ENV 6- 3/4 100",3.78
"88438915976","CURAD ROLLED GAUZE PRO-SORB 2""2.5YD",3.78
"30132070336","FLEET ENEMA BISACODYL 10MG/30ML 37ML",3.69
"3500074003","COLGATE TOTAL PASTE 6OZ",3.69
"7116467101","FDS FEMININE DEO SPRAY XTRA STRENGTH 2OZ",3.69
"7565603205","JA- FISHING GAME WIND UP 6X9",3.69
"81483201001","EFFERDENT ANTIBACTERIAL TABLET 40CT",3.69
"81483201004","EFFERDENT PLUS TABLET MINT 36CT",3.69
"8770155397","GNP HYDROCORT CRM 1 OZ",3.69
"8770190080","GNP ANTACID PPRMNT TAB 150",3.69
"8770190081","GNP ANTACID ASST TAB 150",3.69
"84105800520","EDGE SHAVE GEL SENSITIVE SKIN 7OZ",3.59
"8770140092","GNP CALAMINE PLAIN LIQ 6 OZ",3.59
"30521022127","Q-TIPS COTTON SWAB PURSE PACK 30CT",3.58
"7565600768","HOT COLOR PUTTY ASST 72/CT JD OBS",3.58
"8770148615","GNP BANDAGE 3/4 PLASTIC STP 60",3.58
"8770141102","GNP APAP MULT DAY COLD CPL 24",3.56
"33436200003","STIMUDENT MINT 100CT",3.49
"4145748259","GOODY HAIR PINS BLACK 100",3.49
"4155453017","MAYB E/E B&E VELV BLACK E/P 6",3.49
"5280048826","LUBRIDERM LOTION DLY MOIST UNSCNTD 6OZ",3.49
"7279000011","MAGIC SHAVE POWDER GOLD 4.5OZ JDEOBS",3.49
"7279000016","MAGIC SHAVE RED PWD 5 OZ",3.49
"7528500276","SPORTIN WAVE GEL POMADE 3.5OZ JDEOBS",3.49
"84105800549","SKINTIMATE SHAVE GEL RASPBERRY RAIN 7OZ",3.49
"38137003236","JOHNSONS BABY WASH HEAD-TO-TOE 9OZ",3.48
"7172053015","JUNIOR MINTS 1.84 OZ",3.4
"30187545208","SHOWER/SHOWER SPORT 8OZ",3.39
"38137000964","SHOWER TO SHOWER POWDER SPORT FRESH 8OZ",3.39
"38137004670","BAND-AID COMFORT-FLEX CLEAR 1SZ 30CT",3.39
"38137005635","BAND-AID COMFORT-FLEX PLASTIC 1SZ 60CT",3.39
"8770142519","GNP PAIN RELIEF 500MG TRIAL 12X8CT",3.38
"36373600885","SUCRETS LOZENGE BOX CHERRY 18CT",3.31
"6799050058","FINESSE MOUSSE XTRA CONTROL 7OZ",3.31
"31101710042","SCHOLLS CALLUS REMVR CUSHION 6CT",3.29
"3500057094","COLGATE TARTAR CONTRL WHTEN PASTE 6.4OZ",3.29
"38137004900","JJ FIRST AID TAPE HURT FREE 1""X2.3YD",3.29
"8770141247","GNP ASPIRIN 81MG ORANGE CHW 2X36",3.29
"7033090283","BIC CRISTAL PEN MEDIUM BLACK 2CT",3.27
"8770140636","GNP CENTURY VITA TAB 100",3.2
"7033090031","BIC PEN 4 COLOR DROP SHIP",3.19
"7565601309","ARTS/CRAFTS PAD 24CT PUC",3.18
"8770124725","GNP COTTON BALL TRIPLE 100",3.18
"8770140341","GNP FOOT PWDR PWD 7 OZ",3.14
"2571569626","FINGER COT ASSORTED LATEX CARD 12CT API",3.09
"4740024550","FOAMY SHAVE CREAM LEMON LIME 11OZ",3.09
"8770140391","GNP LAMBS WOOL 1",3.09
"1900000221","LIFESAVERS 14PK BUTTER RUM 20/CS JDEOBS",3.05
"34242327101","EASY TOUCH ALCOHOL PREP PAD 100CT",3
"7000011793","HLMK CARD  2.49 CRWN BDY HUMR",3
"7000041348","ABC HALLMARK CARD",3
"73588209644","DG CARD V DAY",3
"73588210237","DG CARD EASTER",3
"73588216177","DG CARD",3
"73588216534","DG CARD BIRTHDAY",3
"73588218071","DG GIFT BAGS",3
"73588219503","BDAY GENERAL GENERAL",3
"73588220332","DG CARD GRADUATION",3
"73588220841","DG CARD GET WELL",3
"73588224010","DG CARD BIRTHDAY",3
"73588224410","DG CARD",3
"73588225095","DG CARD VALENTINES DAY",3
"73588226064","DG CARD",3
"73588227630","DG CARD",3
"73588229818","MD DAUGHTER GENERAL",3
"73588230239","BABY SHOWER M/H GENERAL",3
"73588233045","JUST FOR YOU",3
"73588237484","DG",3
"73588239071","DG CARD",3
"73588239257","GET WELL GENERAL",3
"73588290250","NIECE BIRTHDAY CARD",3
"7830009837","PLAYTEX TAMPON GENTL GLIDE REG UNS 20CT",3
"920024612","$4.29 GREETING CARDS",3
"2260093050","TROJAN ENZ LUBE CONDOM 3CT",2.99
"4116709428","ACT ANTICAVITY ALCOHL FREE MINT 18OZ",2.99
"4203710375","ECOTRIN 81MG TABLET 45CT",2.99
"7565601679","JA- DINOSAURS JUMBO BG R3,HK1 6X10",2.99
"7569100224","SAFTY PINS BRSS ASST",2.99
"7685571022","APEX FASHION GLASS CORD",2.99
"8770141254","GNP ANTACID M/S FRUIT TAB 90",2.99
"66152633572","CC GREETINGS",2.98
"7339000202","AIRHEAD ORANGE ASSORT",2.98
"3700012340","SECRET ORIG INV/SLD UNSCENTED 2.6OZ",2.97
"66152612772","CARDS NEUTRAL EVERYDAY",2.97
"73588234946","DG CARD",2.97
"73588236007","DG CARD",2.97
"73588217647","GRAD GENERAL GENERAL",2.91
"73588219811","GREETING CARD",2.89
"7682804670","WET ONES SENSITIVE 40CT",2.89
"4154056204","LIQUID PAPER CORR PEN",2.88
"7565602148","WHISTLE PLASTIC 24/CT JD OBS",2.88
"31254663329","HALLS SUGAR FREE BAG HONEY BERRY 25CT",2.79
"80882907005","AIR FRESHENER AEROSOL VANILA 24X10OZ PUC",2.76
"2220096299","LADY SPEED STICK A/P INV SHOWER FR 2.3OZ",2.59
"31254662159","HALLS BREEZERS BAG COOL BERRY 25CT",2.59
"3160066459","S.C SHOE LACES BOOT 54"" YELLOW/BRN",2.59
"67293510495","SMILEY GRIPPER TOOTHBRUSH",2.59
"67293578113","AIM TOOTHBRUSH 2'S BOGO SOFT .",2.59
"7033020123","BIC PEN ROUND MEDIUM BLACK 10PK DROP SHI",2.59
"9698601376","CUTEX POLISH REMOVER STRENGTH 6OZ",2.59
"5884795020","PINE CLEANER SPRAY 12X32OZ PUC",2.58
"7565600065","BRACELET NITE GLOW 8 36/CT JD OBS",2.58
"38137003262","JOHNSONS BABY BAR 3OZ",2.54
"1500076150","GERB NPPL REUSE 3",2.49
"1920000051","D CON MOUS DS PRUFE   1.5 OZ",2.49
"2450012201","PERSONNA DE BLADE 5",2.49
"7000012755","ABC MOTHERS DAY CARD",2.49
"7033031609","BIC PEN GEL BLACK 7PK DROP SHIP",2.49
"1900000223","LIFESAVERS 14PK WILD CHY 20/CS JDEOBS",2.44
"3980000034","ENERGZR WATCH 1.5V 392BP BAT",2.39
"3980011071","ENERGIZER WATCH ZERO MERC 1.5V 379BPZ",2.39
"7569100236","DYN PINS COMMON 450CT #17",2.39
"7569160023","DYN THREAD NU-GREY",2.39
"8770140680","GNP BANDAGE 3/4 N/ADH PAD 10",2.39
"8770142510","GNP GLYCERINE SUPPOSITORY ADULT 25CT",2.39
"8770142688","GNP PEPTIC RELIEF REG STRENGTH ORGNL 8OZ",2.39
"1910010996","JERGENS LOTION T/S 12X1OZ",2.38
"2360100718","TIP CANE 3/4"" BLACK",2.3
"1650098032","S.O.S. STEEL WOOL PAD 10CT",2.29
"3160066460","S.C SHOE LACES BOOT 72"" YELLOW/BRN",2.29
"3700000322","CREST REGULAR PASTE 4.6OZ",2.29
"73588233885","TISSUE SOLID LIGHT PINK",2.29
"80921940002","WHITE RAIN MENS 3N1/SH/CD/BW/",2.29
"87092900309","SILKIENCE HAIR SHAMPOO",2.29
"8770130766","GNP ASPIR ADT 81 MG L/D TAB 36",2.29
"8770140510","GNP RAZOR TWN WMN DSPSBL 5",2.29
"3700072827","CREST TARTAR CONTRL PST WH MNT 36X0.85OZ",2.25
"73588211595","DG PACKAGE CARDS",2.25
"7560210160","SATHERS CANDY BAG",2.25
"8770140125","GNP NASAL INF ASPRTR",2.19
"9460600512","BABY RATTLE KEYS12/CT JD OBS",2.19
"980000763","TIC TAC ORANGE BIG PACK",2.18
"1920089331","GLASS PLUS CLEANER SPRAY 32 OZ",2.09
"30041082573","ORAL B ESSENTIAL FLOSS WAXED MINT 55YD",2.09
"8770179215","GNP ASPRN LD CHEW 81MG TAB 36",2.09
"8770185027","GNP STERILE 3X3 PAD 10",2.09
"3700012332","SECRET ORIG INV/SLD SHEER CLEAN 1.6OZ",2.03
"66152606897","CRTN CARD  3.59",2
"66152611198","DG CARD CONGRATULATIONS",2
"66152613840","CC GREETINGS",2
"66152633627","CC GREETINGS",2
"7000012242","ABC HALLMARK CARD",2
"72652815021","ABC HOUSEHOLD",2
"73588205522","DG GET WELL",2
"73588206594","DG GIFT BAGS",2
"73588208579","DESIGNER GIFTWRAP",2
"73588211701","DG CARD GRADUATION",2
"73588215191","VAL PARENTS MOTHER & FATHER",2
"73588216094","DG CARD",2
"73588216357","GREETING CARD",2
"73588216552","N",2
"73588216826","DG CARD",2
"73588217044","DG CARD BABY",2
"73588217497","DG CARD BIRTHDAY",2
"73588217606","BDAY GENERAL GENERAL",2
"73588217829","DG CARD GRADUATION",2
"73588218539","DG CARD FRIENDSHIP",2
"73588218953","GIFT BAG BDAY JUV BOY",2
"73588219508","BDAY SISTER TEEN",2
"73588219711","FOIL CARD",2
"73588220013","DG MOTHER'S DAY",2
"73588220350","GRAD PRESCHOOL GENERAL",2
"73588220351","GRAD GRADE SCHOOL GENERAL",2
"73588221761","BDAY GENERAL GENERAL",2
"73588221940","DG CARD",2
"73588222691","DG CARD B DAY HUMOR",2
"73588222905","MONEY HOLDER",2
"73588223181","DG CARD BIRTHDAY",2
"73588225420","DG CARD V DAY",2
"73588226603","CARD",2
"73588227059","BDAY GRANDDAUGHTER JUV GENERAL",2
"73588227603","BDAY GRT-GRSON ADULT GENERAL",2
"73588227622","BDAY AGE 10 GENERAL",2
"73588229844","MD GENERAL SOMEONE SPECIAL",2
"73588230196","DG CARD",2
"73588230237","NEW BABY M/H BOY",2
"73588230403","FEMININE",2
"73588230435","BDAY FRIEND FEMININE",2
"73588232545","BDAY 75TH GENERAL",2
"73588233036","DG  CARDS VALENTINES DAY",2
"73588233418","DG CARD BIRTHDAY",2
"73588233605","DG CARD BIRTHDAY",2
"73588234346","TEEN",2
"73588235016","DG CARD",2
"73588235055","DG CARD",2
"73588235347","ERAL",2
"73588236205","BDAY WIFE GENERAL",2
"73588236554","BDAY HUMOR GENERAL",2
"73588237191","GENERAL",2
"73588237259","DG CARD",2
"73588237805","DG CARD",2
"73588239023","DG CARD",2
"73588239739","DG CARD",2
"73588240610","M MOM",2
"73588240786","MD MOTHER/MOM MOM",2
"73588240787","MD GENERAL GENERAL",2
"75940902287","GZ STRETCH 4X4.1Y GZE",2
"920018346","AMB CARD  2.79",2
"1500076141","GERB NURS PLS CLR DS 5 OZ BTL",1.99
"3160066314","S.C SHOE LACES WAXED ROUND 27"" BLK",1.99
"38137009213","REACH FLOSS WAXED 55YD",1.99
"4650074539","GLADE FRENCH VANILLA AEROSOL 8OZ",1.99
"4740014500","GILLETTE FOAMY SHAVE GEL REG T/S 12X2OZ",1.99
"6233805762","AIR WICK AEROSOL 8 OZ 4N1 LAVNDER & CHAM",1.99
"6233805768","AIRWICK VANILLA INDULGENCE",1.99
"6233885826","AIR WICK STICK UPS",1.99
"73588200199","BOW GOLD",1.99
"73588224981","TISSUE SOLID LIGHT BLUE",1.99
"7565602273","PARTY GIRL RING BRACELET SET 24CT PUC",1.99
"8770140701","GNP COTTON TRVL 3N1 PAK 12X50",1.99
"99100000688065000000005","CARDS OPEN DEPARTMENT",1.99
"66152607735","AG GREETING CARD",1.98
"7000000322","HLMK MD CARD  1.95",1.95
"8770140116","GNP BANDAGE ADH 3X4 PAD 10",1.86
"4116709613","ACT TOTAL CARE FRESH MINT RINSE 3FL OZ",1.83
"4900000634","COKE",1.8
"4310067140","MD INDEX TEL/ ADD BOOK 3X3",1.79
"7565603005","MARBLES 50PK C/D 12/CT JD OBS",1.79
"2840002686","MN TST PN",1.77
"3600012323","KLEENEX MINI",1.77
"1200000452","MOCHA FRAPPUCHINO 13.7 OZ",1.75
"2220000865","MENNEN SPEED STCK DEOD 24/CT JD OBS",1.69
"3320041101","PEPSODENT PASTE CAVITY PROTECTION 6OZ",1.69
"7569165051","DYN THREAD SEW #50 . BLACK COTTON",1.69
"8770141308","GNP FLOSSERS MINT 50CT",1.69
"7000009763","KDSCARD MOTHERS DAY",1.66
"3160066638","S.C SHOE LACES ATHLETIC 45"" WHITE",1.59
"7569165050","DYN THREAD SEWING WHITE COTTON #50",1.59
"7164130102","SHARPIE MARKR FINE RED",1.49
"80882907011","AIR FRSHNR AERO RM GRDN 24/CS JD OBS",1.49
"8372584100","TIDE TRAVEL SINK PACKETS 9/CT JD OBS",1.49
"73588210371","DG CARD BIRTHDAY",1.45
"3160064305","S.C SHOE LACES ROUND ATHL 45"" BLK",1.44
"2800000997","LAFFY TAFFY BANANA",1.4
"3160066615","S.C SHOE LACES ATHLETIC 45"" BLACK",1.39
"5310000579","AQUAFRESH TRIAL CLN WH MNT EXP JD OBS",1.39
"7957303104","ROUND PILL REMINDER",1.39
"1512700183","SB COUGH DROP CHERRY 30CT",1.29
"3160067350","S.C SHOE LACES GRANNY 45"" ASSORTED",1.29
"7565601241","AMERICAN BAND JAM KAZOO 24/CT JD OBS",1.29
"81628400102","BAG STORAGE RECLOSE 1QT 24X20CT PUC",1.29
"4145710324","GOODY SIDE COMB 21/2"" 2",1
"66152600154","CC GREETING CARD",1
"66152600284","WINKING PRESS",1
"66152606898","CRTN CARD  2.99",1
"66152609327","CARLTON CARDS",1
"66152609335","DG CARD",1
"66152617285","EVERYDAY CARD",1
"66152621781","AMER GREET STICKERS",1
"66152633573","CRTN GRAD CARD  1.59",1
"66152640657","AMERICAN GREETINGS",1
"66152640658","AMERICAN GREETINGS",1
"7000000176","HALLMARK CARD",1
"7000009567","ABC HALLMARK CARD",1
"7000009669","CARD EVDY COUNTER",1
"7000011461","HLMK VAL CRD  1.99",1
"7000011503","CARD MOTHERS DAY",1
"7000011756","HLMK ANNIV CARD  3.49",1
"7000011761","HLMK ANNIV CARD  3.49 SPOUSE",1
"7000012097","HLMK CARD  2.49 CRWN BDY MTHR",1
"7000012112","HLMK CARD  2.49 CRWN BDY FEM",1
"7000012125","HLMK CARD  2.99 CRWN BDY SIS",1
"7000012193","HLMK CARD  3.49 CRWN BDY MASC",1
"7000012729","ABC MOTHERS DAY CARD",1
"7000028025","ABC HALLMARK CARD",1
"7000033323","HLMK BDAY CARD  3.49",1
"7000033365","CARD BRTHDAY CROWN",1
"7000033368","07000005908",1
"7033090609","BIC PEN ROUND MEDIUM RED 10PK DROP SHIP",1
"73588200250","HAN GENERAL GENERAL",1
"73588200395","PKGD INV SWEET 16 GENERAL",1
"73588201666","VAL GRMOTHER/GRMA JUV GRANDM",1
"73588203490","DG CARD",1
"73588204251","DG CARD MOTHERS DAY",1
"73588204916","DG CARD REGRET",1
"73588204984","BDAY SECRET PAL",1
"73588205255","DG CARD BIRTHDAY",1
"73588205257","DG CARD BIRTHDAY",1
"73588206540","DG CARD V DAY",1
"73588206639","VAL PARENTS HUMOR",1
"73588206893","DG CARD EASTER",1
"73588207047","DG CARDS EASTER",1
"73588207408","DG CARD BIRTHDAY",1
"73588208168","DG CARD BIRTHDAY",1
"73588208539","DG CARD BIRTHDAY",1
"73588209647","VAL ONE I LOVE GENERAL",1
"73588209966","DG CARD V DAY",1
"73588211281","DG MOTHER'S DAY",1
"73588211483","CARD",1
"73588211720","DG CARD GRADUATION",1
"73588211996","DG FATHERS DAY",1
"73588215480","DG GIFT BAGS",1
"73588215766","DG CARD",1
"73588216123","FRIENDSHIP MISS YOU",1
"73588216189","DG CARD BIRTHDAY",1
"73588216210","DG CARD BIRTHDAY",1
"73588216410","BDAY GENERAL GENERAL",1
"73588216543","DG CARD BIRTHDAY",1
"73588216569","DG CARD",1
"73588216776","DG CARD THANK YOU",1
"73588216837","DG CARD EASTER",1
"73588216883","EAS TO ALL YOU AND YOUR FAMILY",1
"73588217017","EAS GENERAL GENERAL",1
"73588217853","VAL ONE I LOVE GENERAL",1
"73588217883","VAL ONE I LOVE GENERAL",1
"73588217943","DG CARD V DAY",1
"73588218051","DG CARD GRADUATION",1
"73588218330","DG CARD GRADUATION",1
"73588218535","DG CARD ANNIVERSARY",1
"73588218685","DG CARD BIRTHDAY",1
"73588218916","ENERAL",1
"73588218950","DG GIFT BAGS",1
"73588218989","DG CARD BIRTHDAY",1
"73588219093","DG MOTHERS DAY",1
"73588219330","DG CARD",1
"73588219368","DG CARD MOTHERS DAY",1
"73588219741","CARD",1
"73588219789","DG CARD",1
"73588219883","FD BROTHER GENERAL",1
"73588219900","DG CARD",1
"73588219909","FD FATHER/DAD DAD REL/INSP",1
"73588220015","DG MOTHER'S DAY",1
"73588220024","DG MOTHERS DAY",1
"73588220039","DG MOTHERS DAY",1
"73588220091","DG MOTHERS DAY",1
"73588220093","DG MOTHERS DAY",1
"73588220325","GRAD GENERAL GENERAL",1
"73588220331","DG CARD  GRADUATION",1
"73588220352","DG CARD GRADUATION",1
"73588220360","DESIGNER GREETING",1
"73588220564","DG FATHERS DAY",1
"73588220737","DG FATHERS DAY",1
"73588220826","DG CARD THANK YOU",1
"73588220987","FD FATHER/DAD DAD HUMOR",1
"73588221265","DG CARD PAWS & CLAWS",1
"73588221364","DG CARD BIRTHDAY",1
"73588221650","DG CARD BIRTHDAY",1
"73588221669","DG CARD",1
"73588222565","DG CARD",1
"73588224644","DG CARD GET WELL",1
"73588224884","NERAL",1
"73588225054","CARD",1
"73588225105","VAL TO BOTH SPECIAL COUPLE",1
"73588225271","VAL FRIEND GENERAL",1
"73588225329","DG CARD V DAY",1
"73588225581","VAL BROTHER JUV GENERAL",1
"73588225669","DG  CARDS VALENTINES DAY",1
"73588225876","DESIGNER GIFTWRAP",1
"73588225891","DG CARD V DAY",1
"73588226070","DG CARD EASTER",1
"73588226452","DG CARD GRADUATION",1
"73588226634","DG CARD GRADUATION",1
"73588226692","GRAD GENERAL GENERAL",1
"73588226710","DG CARD MOTHERS DAY",1
"73588226759","DG CARD GRADUATION",1
"73588226828","DG MOTHERS DAY",1
"73588226867","BDAY GENERAL GENERAL",1
"73588227005","DG CARD BIRTHDAY",1
"73588227046","DG CARD MOTHERS DAY",1
"73588227079","DG MOTHER'S DAY",1
"73588227145","DG MOTHER'S DAY",1
"73588227157","DG CARD FATHERS DAY",1
"73588227265","JUV GENERAL",1
"73588227390","DG CARD BIRTHDAY",1
"73588227518","DG FATHERS DAY CARD",1
"73588227598","BDAY AGE 3 BOY",1
"73588227825","DG CARD BIRTHDAY",1
"73588227900","DG CARD BIRTHDAY",1
"73588228069","BDAY AGE 7 GENERAL",1
"73588228077","DG CARD",1
"73588228830","DG  CARDS VALENTINES DAY",1
"73588229856","MD DAUGHTER OUR",1
"73588229864","DAUGHTER MOTHER'S DAY",1
"73588229938","DG CARD MOTHER DAY",1
"73588229969","DG CARD GRADUATION",1
"73588229981","MD M/H GENERAL",1
"73588230229","BY SHOWER GENERAL",1
"73588230236","NEW BABY M/H GENERAL",1
"73588230404","FEMININE",1
"73588231721","DG CARD",1
"73588232505","DG CARD",1
"73588232655","DG CARD BIRTHDAY",1
"73588232762","DG CARD V DAY",1
"73588232868","ERAL",1
"73588232921","S OF SISTER GENERAL",1
"73588233004","DG  CARDS VALENTINES DAY",1
"73588233120","GIFT BAG SOLID PRIMARY YELLOW",1
"73588233164","JUST FOR YOU",1
"73588233377","BDAY GRANDDAUGHTER GENERAL",1
"73588233592","DG CARD BIRTHDAY",1
"73588233603","DG CARD BIRTHDAY",1
"73588233932","DG CARD B DAY HUMOR",1
"73588234200","BDAY SON GENERAL",1
"73588234218","BDAY SON OUR",1
"73588234718","DG PACKAGE CARDS",1
"73588235119","DG MOTHER'S DAY",1
"73588235245","DG CARD MOTHERS DAY",1
"73588235426","DG CARD",1
"73588235670","L GENERAL",1
"73588235805","DG CARD BIRTHDAY",1
"73588236013","DG CARD ANNIVERSARY",1
"73588236113","DG",1
"73588236283","CARD",1
"73588236550","BDAY HUMOR GENERAL",1
"73588236551","BDAY HUMOR GENERAL",1
"73588236889","DG CARD ANNIVERSARY",1
"73588237216","DG CARD",1
"73588237507","DG CARD BIRTHDAY",1
"73588237555","DG",1
"73588238820","DG",1
"73588238857","VAL ONE I LOVE GENERAL",1
"73588239085","VAL JUVENILE GENERAL",1
"73588239087","DG CARD",1
"73588239387","VAL DAU & SON-IN-LAW DAUGHTER &",1
"73588239388","DG  CARDS VALENTINES DAY",1
"73588239393","DG CARD",1
"73588239535","DG CARD",1
"73588239686","DG CARD",1
"73588239690","DG CARD",1
"73588240528","DG CARD MOTHERS DAY",1
"73588240529","CARDS",1
"73588240605","DG MOTHERS DAY",1
"73588240805","DG CARD MOTHERS DAY",1
"73588240967","MD GENERAL RELIGIOUS",1
"73588240968","DG CARD MOTHERS DAY",1
"3295263344","GLOVE BEAUTY WHILE U SLEEP REGULAR 1PR",0.99
"66152611146","AMER GREET STICKERS",0.99
"66152612774","AG GREETING CARDS",0.99
"66152631251","AMER GREET STICKERS",0.99
"66152633569","CC GREETINGS",0.99
"7000012060","ABC HALLMARK CARD",0.99
"73588222045","ABC HALLMARK CARD",0.99
"8770140673","GNP NAIL CLPR MED TUB 50",0.99
"3500074000","COLGATE TOTAL ORIG T/P TRIAL JD OBS",0.93
"1121590090","NECCO WAFERS ASST FLAVORS",0.85
"73588218072","AG GIFT BAGS",0.85
"7000009993","ABC HALLMARK CARD",0.83
"7000011812","HLMK WEDD CARD  1.49 GENERAL",0.75
"4116800631","CHICK-O-STICK LONG STICK CANDY",0.56
"1164203101","VIOLET CANDY",0.5
"8770140766","GNP CALCIUM+D 500 MG TAB 75",0.03
"8770140750","GNP VIT D 1000 IU TAB 200",0.01
"8770140794","GNP ONE DAILY MENS HEALTH TAB 100",0.01
"4740024040","FOAMY SHAVE CREAM REGULAR 11OZ",0
"84827005159","COMPRSSN SOCK REJUVA DIAMOND 15-20 MED",0
"8770140291","GNP HEAT PAD MST/ DRY",0
"7565600066","NECKLACE NITE GLOW 20 36/CT JD OBS",-2.58
"8770140689","GNP NAPROXEN 220MG SGC 20",-4.19
"73588290395","DG CARD BIRTHDAY",-8.97
