"PHRMCY_NBR","PHRMCY_NAM","ST_CD","PHRMCY_NBR_SALES_REVENUE"
"1017330163607345979","GNP PHARMACY #1","NJ",NA
"1041420479647471411","GNP PHARMACY #2","NJ",NA
"1048827871928328746","GNP PHARMACY #3","MA",NA
"1057348283119436343","GNP PHARMACY #4","NJ",NA
"1058510257734865632","GNP PHARMACY #5","NY",NA
"1081439579592602433","GNP PHARMACY #6","MA",NA
"1092260723523702002","GNP PHARMACY #9","NJ",NA
"1121291098695239882","GNP PHARMACY #10","NJ",NA
"1127802158199509414","GNP PHARMACY #11","NJ",NA
"1138751154350733720","GNP PHARMACY #13","NJ",NA
"1139356123247980453","GNP PHARMACY #14","NY",NA
"1142078113077542449","GNP PHARMACY #15","NY",NA
"1148969088727497933","GNP PHARMACY #16","NJ",NA
"1167918778638125970","GNP PHARMACY #17","NY",NA
"1190144978370571924","GNP PHARMACY #19","NJ",NA
"1191199736461399273","GNP PHARMACY #20","NY",NA
"1194407567927942133","GNP PHARMACY #21","NY",NA
"1195333683993082880","GNP PHARMACY #22","MA",NA
"1199705136261897466","GNP PHARMACY #23","MA",NA
"1212060521919412339","GNP PHARMACY #24","NY",NA
"1212478553512220927","GNP PHARMACY #25","NY",NA
"1218588692793290095","GNP PHARMACY #26","PA",NA
"1221078716599670116","GNP PHARMACY #27","MA",NA
"122787575062186696","GNP PHARMACY #28","NJ",NA
"1236695155984831842","GNP PHARMACY #29","RI",NA
"1249256380449141560","GNP PHARMACY #30","MA",NA
"1250412923501748872","GNP PHARMACY #31","NJ",NA
"1250790798800258235","GNP PHARMACY #32","NY",NA
"1259251080859862612","GNP PHARMACY #33","CT",NA
"1281704954923499201","GNP PHARMACY #34","NJ",NA
"1297463205330104723","GNP PHARMACY #35","NJ",NA
"1305556910798405707","GNP PHARMACY #36","ME",NA
"130603028221658466","GNP PHARMACY #37","MA",NA
"1307702414832812145","GNP PHARMACY #38","NJ",NA
"1312677011544121744","GNP PHARMACY #39","PR",NA
"132134496758518783","GNP PHARMACY #40","NY",NA
"1324895405562516765","GNP PHARMACY #41","PA",NA
"1329047598975131622","GNP PHARMACY #42","PR",NA
"1341357980083956276","GNP PHARMACY #43","NY",NA
"1354271919160429818","GNP PHARMACY #44","NJ",NA
"1358383802381295416","GNP PHARMACY #45","NY",NA
"1364923068827464494","GNP PHARMACY #47","NY",NA
"1377518451589671313","GNP PHARMACY #48","NY",NA
"1391686484968816395","GNP PHARMACY #49","NY",NA
"1396734714545026179","GNP PHARMACY #50","NJ",NA
"1399220627773444202","GNP PHARMACY #51","MA",NA
"1407451326401936578","GNP PHARMACY #52","ME",NA
"1407881542296665922","GNP PHARMACY #53","NY",NA
"141453388388839310","GNP PHARMACY #54","MA",NA
"1416315397094610646","GNP PHARMACY #55","NJ",NA
"1419276775827610330","GNP PHARMACY #56","NY",NA
"1420213719757719547","GNP PHARMACY #57","PA",NA
"1430495602286098780","GNP PHARMACY #58","NJ",NA
"1430963927123078142","GNP PHARMACY #59","NY",NA
"1446797106286880298","GNP PHARMACY #60","NY",NA
"1448004932214894578","GNP PHARMACY #61","NJ",NA
"1460705411861238842","GNP PHARMACY #62","NY",NA
"1469327144772490678","GNP PHARMACY #63","NY",NA
"1472475709074639245","GNP PHARMACY #64","NY",NA
"1492634350488830932","GNP PHARMACY #65","NJ",NA
"1502794958423678460","GNP PHARMACY #66","NY",NA
"1510420119331403714","GNP PHARMACY #67","NH",NA
"1513838608214213750","GNP PHARMACY #68","NJ",NA
"152096245896363092","GNP PHARMACY #69","PR",NA
"1521239162479993409","GNP PHARMACY #70","NJ",NA
"1547868311421114940","GNP PHARMACY #71","NY",NA
"1555177074347668191","GNP PHARMACY #72","PA",NA
"1561606409142364354","GNP PHARMACY #73","PA",NA
"1561873112348432815","GNP PHARMACY #74","NJ",NA
"1576900079803318396","GNP PHARMACY #76","NY",NA
"1586727423747571475","GNP PHARMACY #77","NY",NA
"1593280315939490835","GNP PHARMACY #78","NJ",NA
"159707482795825630","GNP PHARMACY #79","NJ",NA
"1599475655377412284","GNP PHARMACY #80","MA",NA
"1607492026458765804","GNP PHARMACY #81","NJ",NA
"1610936019878274011","GNP PHARMACY #82","NY",NA
"1626447500121526344","GNP PHARMACY #83","NY",NA
"1628184763160683977","GNP PHARMACY #84","NY",NA
"1638104015440807122","GNP PHARMACY #85","NY",NA
"1648696346607114797","GNP PHARMACY #86","PR",NA
"1659709992619312505","GNP PHARMACY #87","PA",NA
"166774838292779567","GNP PHARMACY #88","NY",NA
"1674782067426582175","GNP PHARMACY #89","NY",NA
"1685316234878420089","GNP PHARMACY #90","PA",NA
"1698332211359864948","GNP PHARMACY #91","NJ",NA
"1703402693731953819","GNP PHARMACY #92","PR",NA
"1715870314364811275","GNP PHARMACY #93","CT",NA
"1719820591528215636","GNP PHARMACY #94","NJ",NA
"172333668137395269","GNP PHARMACY #95","NJ",NA
"1726192772988210924","GNP PHARMACY #96","NY",NA
"173248671143235566","GNP PHARMACY #97","NJ",NA
"1739129596920377294","GNP PHARMACY #98","NJ",NA
"175231288168740066","GNP PHARMACY #99","NJ",NA
"1755242237025283085","GNP PHARMACY #100","NJ",NA
"1777810515716506646","GNP PHARMACY #101","NY",NA
"1796496573924257677","GNP PHARMACY #103","NJ",NA
"1798436288513677131","GNP PHARMACY #104","PA",NA
"1811114687542818854","GNP PHARMACY #105","PA",NA
"1824189926188364044","GNP PHARMACY #106","PR",NA
"1831744446008125042","GNP PHARMACY #107","NJ",NA
"1840258152652927014","GNP PHARMACY #108","PA",NA
"1841333058502382376","GNP PHARMACY #109","NY",NA
"1844831024148012495","GNP PHARMACY #111","NJ",NA
"1853406506712861142","GNP PHARMACY #112","NY",NA
"1855204184701636739","GNP PHARMACY #113","PA",NA
"1860369715013904890","GNP PHARMACY #114","NJ",NA
"1860739563718662721","GNP PHARMACY #115","PA",NA
"1871751586143969422","GNP PHARMACY #117","MA",NA
"1878897022451838545","GNP PHARMACY #118","PR",NA
"1880101461554772892","GNP PHARMACY #119","NJ",NA
"188064871430953105","GNP PHARMACY #120","PA",NA
"1886512868118234782","GNP PHARMACY #121","NJ",NA
"1898957398985678826","GNP PHARMACY #122","NJ",NA
"1899067805013831033","GNP PHARMACY #123","NJ",NA
"1900503318383015547","GNP PHARMACY #124","NJ",NA
"1903802146814014412","GNP PHARMACY #125","PA",NA
"1909701327313021193","GNP PHARMACY #126","NJ",NA
"1927430689240447651","GNP PHARMACY #127","ME",NA
"192908973673730060","GNP PHARMACY #128","NJ",NA
"1932302700263149726","GNP PHARMACY #129","NY",NA
"1955472930466702013","GNP PHARMACY #130","NJ",NA
"1962833957888428409","GNP PHARMACY #131","NJ",NA
"1971462219135010363","GNP PHARMACY #132","NY",NA
"1981187823075612996","GNP PHARMACY #133","NJ",NA
"1988358159669623789","GNP PHARMACY #134","MA",NA
"2013167317795897159","GNP PHARMACY #135","NJ",NA
"2017551674582697432","GNP PHARMACY #136","NJ",NA
"2018717881683209932","GNP PHARMACY #137","PR",NA
"2020513583113953725","GNP PHARMACY #138","NY",NA
"2020849158527091255","GNP PHARMACY #139","NY",NA
"2022662634168205797","GNP PHARMACY #140","PR",NA
"202880270641672929","GNP PHARMACY #141","NY",NA
"2049236583365118298","GNP PHARMACY #142","NJ",NA
"2077691720139511232","GNP PHARMACY #144","MA",NA
"2080529287036496964","GNP PHARMACY #145","NY",NA
"2102858779495878808","GNP PHARMACY #148","NJ",NA
"2109682434798767501","GNP PHARMACY #149","NJ",NA
"2125499408901198183","GNP PHARMACY #151","NJ",NA
"2128113396617738734","GNP PHARMACY #152","PA",NA
"2140264107560853494","GNP PHARMACY #154","NJ",NA
"2146445694114993651","GNP PHARMACY #155","PA",NA
"2158057907507147265","GNP PHARMACY #156","CT",NA
"2161495203513737207","GNP PHARMACY #157","PA",NA
"2170859251559779990","GNP PHARMACY #158","PR",NA
"2173969719601996952","GNP PHARMACY #159","PA",NA
"2185292976022328904","GNP PHARMACY #160","NY",NA
"2202970372735235579","GNP PHARMACY #161","PR",NA
"2207745098325681122","GNP PHARMACY #162","MA",NA
"2210726762770058914","GNP PHARMACY #163","NY",NA
"2210855056223159761","GNP PHARMACY #164","PA",NA
"2222633876720505494","GNP PHARMACY #165","NJ",NA
"2235698282629653702","GNP PHARMACY #167","PA",NA
"2246096654304627118","GNP PHARMACY #168","PA",NA
"2247111312138928288","GNP PHARMACY #169","NY",NA
"2263360590205043776","GNP PHARMACY #170","NY",NA
"2272416768892464772","GNP PHARMACY #171","NJ",NA
"2281344178566703906","GNP PHARMACY #172","NY",NA
"2285442449746647738","GNP PHARMACY #173","NJ",NA
"2296078627921869370","GNP PHARMACY #174","PR",NA
"2298852241474974362","GNP PHARMACY #175","NJ",NA
"2299615936445831763","GNP PHARMACY #176","NY",NA
"2302591953934318263","GNP PHARMACY #177","PA",NA
"2336923511615818845","GNP PHARMACY #178","NJ",NA
"2339266754720879155","GNP PHARMACY #179","PA",NA
"2344604193569544986","GNP PHARMACY #180","NJ",NA
"2357247903483210162","GNP PHARMACY #181","NY",NA
"2357990526179002870","GNP PHARMACY #182","NY",NA
"2359692451081395376","GNP PHARMACY #183","NJ",NA
"2366109482619484336","GNP PHARMACY #184","NY",NA
"2366821326560064620","GNP PHARMACY #185","NJ",NA
"2371215529310244519","GNP PHARMACY #186","PR",NA
"2391221834989068049","GNP PHARMACY #187","PA",NA
"2403992561737401467","GNP PHARMACY #188","NY",NA
"2405096593577600229","GNP PHARMACY #189","PR",NA
"2415684547782795278","GNP PHARMACY #190","PR",NA
"2419356312358847475","GNP PHARMACY #191","PR",NA
"2422034076535635987","GNP PHARMACY #192","PA",NA
"2429096179338602924","GNP PHARMACY #193","PA",NA
"243426253519024307","GNP PHARMACY #194","NJ",NA
"2447973262608059659","GNP PHARMACY #195","NJ",NA
"2467135693952918677","GNP PHARMACY #197","MA",NA
"2477341082098708967","GNP PHARMACY #199","NY",NA
"2494609331252026398","GNP PHARMACY #202","NJ",NA
"2496491812627036795","GNP PHARMACY #203","PA",NA
"2504004702450567508","GNP PHARMACY #204","NJ",NA
"2514050334879231330","GNP PHARMACY #206","PA",NA
"2521923372870603455","GNP PHARMACY #207","NY",NA
"2521976042199446142","GNP PHARMACY #208","NY",NA
"2530191082514647603","GNP PHARMACY #209","NY",NA
"2547991796291695918","GNP PHARMACY #210","NY",NA
"256578946717101709","GNP PHARMACY #212","NY",NA
"2570109909881968595","GNP PHARMACY #213","NY",NA
"2596145720244032607","GNP PHARMACY #215","NJ",NA
"2604095083229983327","GNP PHARMACY #216","NJ",NA
"2611999236354475340","GNP PHARMACY #217","PR",NA
"2633472871402496135","GNP PHARMACY #218","NY",NA
"2634446448990403365","GNP PHARMACY #219","NJ",NA
"2646494473754231928","GNP PHARMACY #220","NJ",NA
"2658194162404582921","GNP PHARMACY #221","PR",NA
"2682141041557775024","GNP PHARMACY #222","VT",NA
"2687659852956230465","GNP PHARMACY #223","MA",NA
"2691529582873325264","GNP PHARMACY #224","NY",NA
"2695916150372775207","GNP PHARMACY #225","NY",NA
"2706543436392522086","GNP PHARMACY #226","NY",NA
"2725351349637494215","GNP PHARMACY #227","CT",NA
"2738160743297496015","GNP PHARMACY #228","NY",NA
"2738222442882596687","GNP PHARMACY #229","NJ",NA
"2752978408496932736","GNP PHARMACY #230","NJ",NA
"2758904074535580613","GNP PHARMACY #231","CT",NA
"2761216035197605010","GNP PHARMACY #233","NY",NA
"276247931266325460","GNP PHARMACY #234","NJ",NA
"2768592056922338023","GNP PHARMACY #235","CT",NA
"2786768342837913272","GNP PHARMACY #236","NJ",NA
"280583528978649821","GNP PHARMACY #237","NJ",NA
"2810639936210845290","GNP PHARMACY #238","NY",NA
"2812406386463526437","GNP PHARMACY #239","NJ",NA
"2820040449715362136","GNP PHARMACY #240","NJ",NA
"282453216995442891","GNP PHARMACY #241","MA",NA
"2824938890957929739","GNP PHARMACY #242","NJ",NA
"2827653228247441729","GNP PHARMACY #243","PA",NA
"2842813052422127596","GNP PHARMACY #245","NJ",NA
"2857318763850909085","GNP PHARMACY #246","NY",NA
"2860407128846686728","GNP PHARMACY #247","MA",NA
"2860423977158346215","GNP PHARMACY #248","PA",NA
"2880031759248019479","GNP PHARMACY #250","NJ",NA
"2885500257010509761","GNP PHARMACY #251","NY",NA
"2904699194377795031","GNP PHARMACY #252","NY",NA
"290518587337417462","GNP PHARMACY #253","NJ",NA
"290714369468694317","GNP PHARMACY #254","NJ",NA
"2911075813382936994","GNP PHARMACY #255","PA",NA
"2920613090323731686","GNP PHARMACY #256","MA",NA
"2920638719869583885","GNP PHARMACY #257","NJ",NA
"292663819886667034","GNP PHARMACY #258","NY",NA
"2934625417882104441","GNP PHARMACY #259","NJ",NA
"2952455635957727380","GNP PHARMACY #260","PR",NA
"29654466873870325","GNP PHARMACY #261","NY",NA
"2966278661004004226","GNP PHARMACY #262","NY",NA
"296879239315228292","GNP PHARMACY #263","NY",NA
"29746077410861287","GNP PHARMACY #264","NY",NA
"299764049885959929","GNP PHARMACY #266","PR",NA
"3008167137843055983","GNP PHARMACY #267","NY",NA
"3009511363937949368","GNP PHARMACY #268","NY",NA
"302100408537223834","GNP PHARMACY #270","NY",NA
"3032354319528181550","GNP PHARMACY #271","NY",NA
"3058423167411467128","GNP PHARMACY #272","PA",NA
"3074534950993278741","GNP PHARMACY #273","NJ",NA
"3075262850862765953","GNP PHARMACY #274","MA",NA
"3094918456222931615","GNP PHARMACY #275","NY",NA
"3096710733544170912","GNP PHARMACY #276","PA",NA
"3099596860126462610","GNP PHARMACY #277","MA",NA
"3110997941455648317","GNP PHARMACY #278","NJ",NA
"3126173498991416496","GNP PHARMACY #279","NJ",NA
"3133404178685277198","GNP PHARMACY #280","NY",NA
"3136833271692091934","GNP PHARMACY #281","NJ",NA
"3143739177300567217","GNP PHARMACY #282","VI",NA
"3146572304094278663","GNP PHARMACY #283","NY",NA
"3150269609129196996","GNP PHARMACY #284","NY",NA
"3152286758389408775","GNP PHARMACY #285","NY",NA
"3169184220122512354","GNP PHARMACY #287","NJ",NA
"3171903510287978419","GNP PHARMACY #288","NJ",NA
"3175089049902559510","GNP PHARMACY #289","PR",NA
"3187716742894858096","GNP PHARMACY #290","NY",NA
"3190497977285982079","GNP PHARMACY #291","NY",NA
"3191155010725799957","GNP PHARMACY #292","NY",NA
"3192059643444125983","GNP PHARMACY #293","PA",NA
"3195998641401002856","GNP PHARMACY #294","NY",NA
"319992310759981127","GNP PHARMACY #295","PA",NA
"3200327616739881376","GNP PHARMACY #296","PR",NA
"3205924598834445208","GNP PHARMACY #298","PR",NA
"3214679382131486233","GNP PHARMACY #299","PR",NA
"3216704393386854130","GNP PHARMACY #301","NY",NA
"3216895994651044650","GNP PHARMACY #302","NY",NA
"3218977514297219567","GNP PHARMACY #303","NY",NA
"3232591195213936118","GNP PHARMACY #304","MA",NA
"3244342499656755558","GNP PHARMACY #306","NJ",NA
"3284704975863292825","GNP PHARMACY #308","PR",NA
"3300700989693302544","GNP PHARMACY #309","NJ",NA
"3310319963763740437","GNP PHARMACY #310","NY",NA
"3313386311268012159","GNP PHARMACY #311","NY",NA
"334377720035012935","GNP PHARMACY #312","NY",NA
"3348447749336161212","GNP PHARMACY #314","PA",NA
"335179949878697124","GNP PHARMACY #315","NY",NA
"3384301584334184099","GNP PHARMACY #316","NJ",NA
"3384537367222750070","GNP PHARMACY #317","NY",NA
"3385267891691153174","GNP PHARMACY #318","PA",NA
"3401676789836004270","GNP PHARMACY #320","PA",NA
"3420864147910217720","GNP PHARMACY #321","PR",NA
"3421191787057599275","GNP PHARMACY #322","PR",NA
"3425823772368729313","GNP PHARMACY #323","PR",NA
"3429150754902821945","GNP PHARMACY #324","MA",NA
"344423352960717667","GNP PHARMACY #325","NY",NA
"3446120256656824115","GNP PHARMACY #326","NY",NA
"3447632665637166447","GNP PHARMACY #327","PA",NA
"3447821596383611052","GNP PHARMACY #328","NY",NA
"3467221308694519678","GNP PHARMACY #329","NY",NA
"3471756043975910988","GNP PHARMACY #330","PR",NA
"3488445608926373561","GNP PHARMACY #331","NY",NA
"3491753221171410842","GNP PHARMACY #332","NJ",NA
"3503568118867290501","GNP PHARMACY #333","NY",NA
"3504304910911993217","GNP PHARMACY #334","NY",NA
"3508008965047862640","GNP PHARMACY #335","NJ",NA
"352553083027809773","GNP PHARMACY #336","PR",NA
"3533847602478041833","GNP PHARMACY #337","PR",NA
"3534040594111486797","GNP PHARMACY #338","NY",NA
"3539154001645920711","GNP PHARMACY #339","NY",NA
"3547405584626609820","GNP PHARMACY #340","NY",NA
"355557766469599078","GNP PHARMACY #341","PA",NA
"3562597123179579934","GNP PHARMACY #342","NJ",NA
"3585973796332299879","GNP PHARMACY #343","NY",NA
"3605882755214346843","GNP PHARMACY #344","NY",NA
"3606985165369077211","GNP PHARMACY #345","NY",NA
"3607712814458519353","GNP PHARMACY #346","NJ",NA
"3611842693922313723","GNP PHARMACY #347","PA",NA
"3613558139722801923","GNP PHARMACY #348","NY",NA
"3617496515326470869","GNP PHARMACY #349","NY",NA
"3622646347492083370","GNP PHARMACY #350","NJ",NA
"3631475969958265823","GNP PHARMACY #351","NJ",NA
"3670026726251947928","GNP PHARMACY #352","NY",NA
"3672741605275018084","GNP PHARMACY #353","NY",NA
"3680688056718193451","GNP PHARMACY #354","NJ",NA
"3703418714534005092","GNP PHARMACY #356","NJ",NA
"370609565989903806","GNP PHARMACY #357","NY",NA
"3716241695992874944","GNP PHARMACY #358","NY",NA
"3718845786821024861","GNP PHARMACY #359","MA",NA
"372194152374937301","GNP PHARMACY #360","NY",NA
"3743720187423827873","GNP PHARMACY #362","CT",NA
"3746258293434301567","GNP PHARMACY #363","NJ",NA
"3752421386731363407","GNP PHARMACY #364","NY",NA
"3764888072649328268","GNP PHARMACY #365","NY",NA
"3779980309146245525","GNP PHARMACY #366","NY",NA
"3782256558650047555","GNP PHARMACY #367","NY",NA
"3791675495642597068","GNP PHARMACY #368","PR",NA
"3792446395637091622","GNP PHARMACY #369","NY",NA
"3793077773428359868","GNP PHARMACY #370","NJ",NA
"3796994426597251026","GNP PHARMACY #371","NY",NA
"3798289414948528523","GNP PHARMACY #372","NY",NA
"3824706160713549397","GNP PHARMACY #373","PA",NA
"3832252485382449155","GNP PHARMACY #374","MA",NA
"3836769461345648097","GNP PHARMACY #375","PA",NA
"3846245501629877213","GNP PHARMACY #376","NJ",NA
"3851275575365874764","GNP PHARMACY #377","NY",NA
"3856372076863482000","GNP PHARMACY #378","NJ",NA
"3858724636244030543","GNP PHARMACY #379","PR",NA
"3891542658432006697","GNP PHARMACY #381","PA",NA
"3895730101286281529","GNP PHARMACY #382","NJ",NA
"3896836958049059694","GNP PHARMACY #383","NY",NA
"3901591803698141569","GNP PHARMACY #384","NY",NA
"3902888402945828969","GNP PHARMACY #385","PA",NA
"3921041945961294952","GNP PHARMACY #386","PR",NA
"3965489755109778419","GNP PHARMACY #387","NY",NA
"3974058302019115348","GNP PHARMACY #388","NY",NA
"4000431068308946561","GNP PHARMACY #390","PA",NA
"4005246439908142934","GNP PHARMACY #391","NY",NA
"4005864998627448500","GNP PHARMACY #392","NJ",NA
"401445627484680327","GNP PHARMACY #393","NY",NA
"4021410703555984858","GNP PHARMACY #394","MA",NA
"4040370958795739870","GNP PHARMACY #396","NJ",NA
"4043005667945888518","GNP PHARMACY #397","NY",NA
"4044414609140311255","GNP PHARMACY #398","NJ",NA
"4053198264544929435","GNP PHARMACY #399","NY",NA
"4053445537556705844","GNP PHARMACY #400","NJ",NA
"406456125322272947","GNP PHARMACY #401","PA",NA
"4069150232410083583","GNP PHARMACY #402","NY",NA
"4070012981221191021","GNP PHARMACY #403","NJ",NA
"4077025990600984687","GNP PHARMACY #404","NY",NA
"4086735536061666676","GNP PHARMACY #405","MA",NA
"4097864406964773095","GNP PHARMACY #406","PA",NA
"4101090871010102789","GNP PHARMACY #407","NY",NA
"4102075198602969871","GNP PHARMACY #408","PA",NA
"4104564614678804400","GNP PHARMACY #409","NJ",NA
"4108601263639132243","GNP PHARMACY #410","NY",NA
"4109533506208163113","GNP PHARMACY #411","NJ",NA
"4110341869359084108","GNP PHARMACY #412","NJ",NA
"4118866886349664283","GNP PHARMACY #413","PA",NA
"4130383862129366005","GNP PHARMACY #414","NY",NA
"4140267160627226382","GNP PHARMACY #415","NY",NA
"4146660092420408999","GNP PHARMACY #416","NJ",NA
"4156533615253616130","GNP PHARMACY #417","PR",NA
"4166097203778531813","GNP PHARMACY #418","NY",NA
"417254040911106203","GNP PHARMACY #419","PA",NA
"4173986334000073718","GNP PHARMACY #420","NY",NA
"4181027872607987429","GNP PHARMACY #421","PR",NA
"4194937199395550984","GNP PHARMACY #422","NJ",NA
"4197411661441354497","GNP PHARMACY #423","PR",NA
"4201221384510795199","GNP PHARMACY #424","NY",NA
"4202256251204811182","GNP PHARMACY #425","NY",NA
"4202531771625123682","GNP PHARMACY #426","NY",NA
"420667309571464567","GNP PHARMACY #427","NY",NA
"4221978479701299019","GNP PHARMACY #428","NJ",NA
"4222510065300493574","GNP PHARMACY #429","NY",NA
"4228121409250037047","GNP PHARMACY #430","NY",NA
"4229147575799177974","GNP PHARMACY #431","NY",NA
"4239205815300271384","GNP PHARMACY #432","NY",NA
"4243713822727227660","GNP PHARMACY #433","NY",NA
"4248148459324664159","GNP PHARMACY #434","PA",NA
"4257996418857791381","GNP PHARMACY #435","PR",NA
"4263691586517524576","GNP PHARMACY #436","NY",NA
"4266135588610786415","GNP PHARMACY #437","PA",NA
"4293109858303641785","GNP PHARMACY #438","NJ",NA
"4297650184855969414","GNP PHARMACY #439","PA",NA
"4304006138080503359","GNP PHARMACY #440","NJ",NA
"4308070449393583871","GNP PHARMACY #441","MA",NA
"4313705360747887814","GNP PHARMACY #442","CT",NA
"4320625475631932711","GNP PHARMACY #443","PR",NA
"4322428476680331985","GNP PHARMACY #444","NY",NA
"4341531607080706448","GNP PHARMACY #446","PR",NA
"436032894160884592","GNP PHARMACY #447","NY",NA
"4377706164321547119","GNP PHARMACY #449","NJ",NA
"4381838140254828907","GNP PHARMACY #450","NJ",NA
"4397386925507920729","GNP PHARMACY #452","PA",NA
"442649497510710953","GNP PHARMACY #454","PA",NA
"4452006995176232410","GNP PHARMACY #455","NY",NA
"4455667890446519686","GNP PHARMACY #456","NJ",NA
"4461873291328007147","GNP PHARMACY #457","NY",NA
"4487249706320930241","GNP PHARMACY #459","CT",NA
"4488217628867581951","GNP PHARMACY #460","NY",NA
"4491388515993999448","GNP PHARMACY #461","NJ",NA
"4495440570582392073","GNP PHARMACY #462","NJ",NA
"450251010987704942","GNP PHARMACY #463","NJ",NA
"4503135860675309090","GNP PHARMACY #464","PA",NA
"4508361065124130649","GNP PHARMACY #465","PA",NA
"4519404694979729981","GNP PHARMACY #466","NY",NA
"4529909086980976363","GNP PHARMACY #467","NY",NA
"4531994445571210704","GNP PHARMACY #468","NY",NA
"4533119979845944018","GNP PHARMACY #469","NY",NA
"4539730679297084679","GNP PHARMACY #470","ME",NA
"454923118524179916","GNP PHARMACY #471","NY",NA
"4551309422599995053","GNP PHARMACY #472","NJ",NA
"4556679290397987046","GNP PHARMACY #473","NJ",NA
"4560305324376977972","GNP PHARMACY #474","NJ",NA
"45647414697479627","GNP PHARMACY #475","PA",NA
"4565754413366638163","GNP PHARMACY #476","PA",NA
"4576889916977837299","GNP PHARMACY #477","NJ",NA
"4585864185360716021","GNP PHARMACY #478","NJ",NA
"4586623165735816115","GNP PHARMACY #479","NJ",NA
"4608368862046116494","GNP PHARMACY #480","NJ",NA
"461090813055908060","GNP PHARMACY #481","NJ",NA
"4612892363052099677","GNP PHARMACY #482","NY",NA
"4613433900454471974","GNP PHARMACY #483","PR",NA
"4615081609001962853","GNP PHARMACY #484","NY",NA
"4643845010114672808","GNP PHARMACY #485","MA",NA
"4648225933502476862","GNP PHARMACY #486","PR",NA
"465159817338599619","GNP PHARMACY #487","PR",NA
"4652393880526085756","GNP PHARMACY #488","PA",NA
"4654349554680583738","GNP PHARMACY #489","PA",NA
"4658468062967725286","GNP PHARMACY #490","NY",NA
"4660783041797003973","GNP PHARMACY #491","MA",NA
"4666769388611388270","GNP PHARMACY #492","NY",NA
"4670164778977621774","GNP PHARMACY #493","NY",NA
"4671225723526447021","GNP PHARMACY #494","PR",NA
"4675393702713655233","GNP PHARMACY #495","CT",NA
"4677516400738810426","GNP PHARMACY #496","PA",NA
"4714242159857409630","GNP PHARMACY #498","NJ",NA
"4761310097215794297","GNP PHARMACY #501","NY",NA
"4761856814505910953","GNP PHARMACY #502","NY",NA
"4769297689170472047","GNP PHARMACY #503","PA",NA
"4772388665717680860","GNP PHARMACY #504","NJ",NA
"4776990044469917435","GNP PHARMACY #505","PA",NA
"4784160630850516409","GNP PHARMACY #506","PA",NA
"4792236675277178468","GNP PHARMACY #507","NJ",NA
"4801036624168486921","GNP PHARMACY #508","PA",NA
"4802328311077743766","GNP PHARMACY #509","PA",NA
"4804928947124935158","GNP PHARMACY #510","PA",NA
"4808030707625861521","GNP PHARMACY #511","NY",NA
"4809134363084857288","GNP PHARMACY #512","PA",NA
"4817595315796183963","GNP PHARMACY #513","PA",NA
"4822958535920257604","GNP PHARMACY #514","NY",NA
"4824329993277444875","GNP PHARMACY #515","NY",NA
"4828696049995463966","GNP PHARMACY #516","NY",NA
"4851768557404687380","GNP PHARMACY #517","NY",NA
"4880990759985134156","GNP PHARMACY #518","NH",NA
"4889633992167568228","GNP PHARMACY #520","NY",NA
"4894288529513292707","GNP PHARMACY #522","NY",NA
"4901045958441312934","GNP PHARMACY #523","NY",NA
"4904593400077845927","GNP PHARMACY #524","ME",NA
"4932165310004873596","GNP PHARMACY #525","NJ",NA
"4933439200597308053","GNP PHARMACY #526","NY",NA
"4936916234789217473","GNP PHARMACY #527","PA",NA
"4937287097645607344","GNP PHARMACY #528","PA",NA
"4937396156110961646","GNP PHARMACY #529","PA",NA
"4945295237537392311","GNP PHARMACY #530","NY",NA
"4948809778147202427","GNP PHARMACY #531","NJ",NA
"4952267724011458679","GNP PHARMACY #532","NJ",NA
"4963752579566208087","GNP PHARMACY #533","NY",NA
"4970878646657452344","GNP PHARMACY #534","NY",NA
"4976193433139414656","GNP PHARMACY #535","NY",NA
"498175380910814309","GNP PHARMACY #536","NJ",NA
"5009758370054066073","GNP PHARMACY #537","NJ",NA
"5012315859492224964","GNP PHARMACY #538","RI",NA
"5016793414860585861","GNP PHARMACY #539","NY",NA
"5020306984797980383","GNP PHARMACY #540","PR",NA
"5024698741946950096","GNP PHARMACY #541","NY",NA
"5044163249153711603","GNP PHARMACY #542","MA",NA
"504633501157912371","GNP PHARMACY #543","NY",NA
"5051426781989043049","GNP PHARMACY #544","PA",NA
"507852155132494994","GNP PHARMACY #545","PA",NA
"510237607644489246","GNP PHARMACY #546","PA",NA
"5114038575148667711","GNP PHARMACY #547","NJ",NA
"5129853159417694308","GNP PHARMACY #548","NY",NA
"5134992681618716842","GNP PHARMACY #549","NY",NA
"5148249614214338117","GNP PHARMACY #550","CT",NA
"5153629423177550940","GNP PHARMACY #551","NJ",NA
"5176456362139077803","GNP PHARMACY #552","NJ",NA
"5182742308155131465","GNP PHARMACY #553","PA",NA
"5183240456085570630","GNP PHARMACY #554","NJ",NA
"5204784010282848850","GNP PHARMACY #555","NJ",NA
"5213069594586547090","GNP PHARMACY #556","NY",NA
"5221959682828252685","GNP PHARMACY #557","NY",NA
"5233888403526469896","GNP PHARMACY #558","PA",NA
"5234138153190971562","GNP PHARMACY #559","PA",NA
"5240089310748472973","GNP PHARMACY #560","NJ",NA
"524225314452710008","GNP PHARMACY #561","NY",NA
"5243426953522266201","GNP PHARMACY #562","MA",NA
"5255466693096980571","GNP PHARMACY #563","NY",NA
"5262758057535102019","GNP PHARMACY #564","NY",NA
"5274795498003244970","GNP PHARMACY #565","PA",NA
"5277228057337370011","GNP PHARMACY #566","NY",NA
"5288226743857936636","GNP PHARMACY #567","NJ",NA
"5291912508187871595","GNP PHARMACY #568","PA",NA
"529470887011083355","GNP PHARMACY #569","NY",NA
"5296158397706053200","GNP PHARMACY #570","NJ",NA
"5304981551559942288","GNP PHARMACY #571","PR",NA
"5306379822978543058","GNP PHARMACY #572","NY",NA
"5324492628793545508","GNP PHARMACY #573","NY",NA
"5327731693218730325","GNP PHARMACY #574","NJ",NA
"5332828383499407519","GNP PHARMACY #575","NY",NA
"5333298041171773259","GNP PHARMACY #576","NJ",NA
"5346745965850826598","GNP PHARMACY #577","PR",NA
"5368619667921682805","GNP PHARMACY #579","PA",NA
"5377071266938109665","GNP PHARMACY #580","NY",NA
"5388325091903029130","GNP PHARMACY #581","NY",NA
"5409495840354898375","GNP PHARMACY #582","PR",NA
"5413222168095674722","GNP PHARMACY #583","PA",NA
"5413960046388877496","GNP PHARMACY #584","NY",NA
"5419617379238849619","GNP PHARMACY #585","NJ",NA
"5456962357509666391","GNP PHARMACY #586","NJ",NA
"5460598020046828010","GNP PHARMACY #587","NJ",NA
"5467978112256857416","GNP PHARMACY #589","NY",NA
"5473573518275224893","GNP PHARMACY #590","NY",NA
"5477330584385745029","GNP PHARMACY #591","NY",NA
"5487120954925529983","GNP PHARMACY #592","PR",NA
"5505958849312002609","GNP PHARMACY #593","PA",NA
"5508735288614241656","GNP PHARMACY #595","NJ",NA
"551098070761990035","GNP PHARMACY #596","NY",NA
"5512424172696539626","GNP PHARMACY #597","NY",NA
"5512696224531505153","GNP PHARMACY #598","NJ",NA
"5520816518911876321","GNP PHARMACY #599","NY",NA
"5527250059170353492","GNP PHARMACY #600","NY",NA
"5528536432535309502","GNP PHARMACY #601","CT",NA
"5533658686147009488","GNP PHARMACY #602","NY",NA
"5534245536423415356","GNP PHARMACY #603","NY",NA
"5540668037223093314","GNP PHARMACY #604","NY",NA
"5547206186467328093","GNP PHARMACY #605","NY",NA
"5560162810023686486","GNP PHARMACY #606","CT",NA
"5566042361556205016","GNP PHARMACY #608","NJ",NA
"5568417684169586695","GNP PHARMACY #609","NY",NA
"5587846224391965846","GNP PHARMACY #611","NJ",NA
"564415849256754297","GNP PHARMACY #613","NJ",NA
"5648479484478448574","GNP PHARMACY #614","PA",NA
"5651211939390813433","GNP PHARMACY #615","PR",NA
"5655038816111346476","GNP PHARMACY #616","NY",NA
"5656229585292837307","GNP PHARMACY #617","MA",NA
"5663553397376629843","GNP PHARMACY #619","PA",NA
"5673794446857115744","GNP PHARMACY #620","PA",NA
"5675144689134850991","GNP PHARMACY #621","NY",NA
"5675339813033232062","GNP PHARMACY #622","NY",NA
"5681505884648702909","GNP PHARMACY #623","NY",NA
"5707063713839079832","GNP PHARMACY #624","NJ",NA
"5729233569467751321","GNP PHARMACY #626","NY",NA
"5734581614124513059","GNP PHARMACY #627","DE",NA
"5788116567980694744","GNP PHARMACY #628","CT",NA
"5792561181585207815","GNP PHARMACY #629","PA",NA
"5806342144388280074","GNP PHARMACY #630","PA",NA
"5824860051856401388","GNP PHARMACY #631","NY",NA
"5843382367074203789","GNP PHARMACY #632","NY",NA
"5849567500556478285","GNP PHARMACY #633","NJ",NA
"5856295148319218281","GNP PHARMACY #634","NY",NA
"5863415973292603633","GNP PHARMACY #635","NY",NA
"5867777556612799036","GNP PHARMACY #636","PA",NA
"5867794756941464637","GNP PHARMACY #637","NY",NA
"5884341477603704674","GNP PHARMACY #638","NJ",NA
"5893720931566185252","GNP PHARMACY #639","ME",NA
"5894332159554267908","GNP PHARMACY #640","NJ",NA
"5909906597729307147","GNP PHARMACY #641","PA",NA
"5915881610614287382","GNP PHARMACY #642","NY",NA
"5920913941627962265","GNP PHARMACY #643","NY",NA
"593230839964554875","GNP PHARMACY #644","PR",NA
"5937006903138008597","GNP PHARMACY #645","NJ",NA
"5945992976926044139","GNP PHARMACY #646","PR",NA
"5952777619851446923","GNP PHARMACY #647","PR",NA
"596466635493332282","GNP PHARMACY #648","NY",NA
"5971765757178483096","GNP PHARMACY #649","NJ",NA
"5992877750903523935","GNP PHARMACY #650","NJ",NA
"6003930757134882931","GNP PHARMACY #651","NJ",NA
"6004314249249587549","GNP PHARMACY #652","NY",NA
"6011642510830234308","GNP PHARMACY #653","NY",NA
"6012058879188861495","GNP PHARMACY #654","NY",NA
"6014730164852361070","GNP PHARMACY #655","NJ",NA
"6039912383873365863","GNP PHARMACY #656","PA",NA
"6049833167720052621","GNP PHARMACY #657","NY",NA
"6051683077557984","GNP PHARMACY #658","NY",NA
"605596874978187245","GNP PHARMACY #659","NY",NA
"6056589515652192257","GNP PHARMACY #660","PR",NA
"6064456893083849271","GNP PHARMACY #661","PR",NA
"6064706889279559004","GNP PHARMACY #662","PA",NA
"6066524253995169350","GNP PHARMACY #663","PR",NA
"6085975921730682442","GNP PHARMACY #664","PR",NA
"6088634162265325074","GNP PHARMACY #665","NY",NA
"6097534395995051033","GNP PHARMACY #666","NJ",NA
"6103594830489578832","GNP PHARMACY #668","NY",NA
"6107497498706833469","GNP PHARMACY #669","MA",NA
"6112539411888128797","GNP PHARMACY #670","NY",NA
"6115972096524992161","GNP PHARMACY #671","NY",NA
"6126234133900179338","GNP PHARMACY #672","NY",NA
"6128700675395215728","GNP PHARMACY #673","PA",NA
"6137381622246078811","GNP PHARMACY #674","DE",NA
"6138981496385388781","GNP PHARMACY #675","NY",NA
"6140478709460127131","GNP PHARMACY #676","CT",NA
"6141554542500127272","GNP PHARMACY #677","NJ",NA
"6147150467155037619","GNP PHARMACY #678","NJ",NA
"6147822758164050825","GNP PHARMACY #679","PA",NA
"6152206644966100653","GNP PHARMACY #681","PR",NA
"6154706101773838332","GNP PHARMACY #682","PA",NA
"6159112014025455229","GNP PHARMACY #683","NY",NA
"6161376679157216582","GNP PHARMACY #684","NY",NA
"6165426102136322068","GNP PHARMACY #685","PR",NA
"61660627605900483","GNP PHARMACY #686","NY",NA
"6183490288530397740","GNP PHARMACY #687","PR",NA
"6190021058320036283","GNP PHARMACY #688","CT",NA
"6204309519100230224","GNP PHARMACY #689","NJ",NA
"6208751898237833292","GNP PHARMACY #691","NY",NA
"6217891042113701668","GNP PHARMACY #693","PA",NA
"6223246236511917076","GNP PHARMACY #694","PA",NA
"6232646127567792089","GNP PHARMACY #696","NY",NA
"6268866201801911951","GNP PHARMACY #697","NY",NA
"6270273578569589985","GNP PHARMACY #698","NY",NA
"627667554737163115","GNP PHARMACY #699","NJ",NA
"6281920295601341329","GNP PHARMACY #700","PR",NA
"6284774098034755562","GNP PHARMACY #701","NY",NA
"6294301052855903102","GNP PHARMACY #702","NY",NA
"6302081639361703894","GNP PHARMACY #703","PA",NA
"6306005100901105127","GNP PHARMACY #704","NJ",NA
"6306016031037884027","GNP PHARMACY #705","NY",NA
"6306622524697257811","GNP PHARMACY #706","NY",NA
"6309260085531235581","GNP PHARMACY #707","NY",NA
"6322145647284391777","GNP PHARMACY #708","MA",NA
"6333145345908524165","GNP PHARMACY #709","NY",NA
"6336180905475870664","GNP PHARMACY #710","PA",NA
"6336285383546502299","GNP PHARMACY #711","NY",NA
"6364964354514655354","GNP PHARMACY #715","PR",NA
"6400326373373460349","GNP PHARMACY #716","MA",NA
"6422263683610259366","GNP PHARMACY #717","NY",NA
"642812055742009289","GNP PHARMACY #718","PA",NA
"6438178130635363979","GNP PHARMACY #720","NY",NA
"6447760823780666687","GNP PHARMACY #722","CT",NA
"6449544408838283374","GNP PHARMACY #723","CT",NA
"6470360684089029069","GNP PHARMACY #726","NJ",NA
"6488162102137181761","GNP PHARMACY #727","NY",NA
"6516785655383531873","GNP PHARMACY #729","NY",NA
"6531330806527418498","GNP PHARMACY #730","PR",NA
"6540479754926681318","GNP PHARMACY #731","NY",NA
"6545367309769366966","GNP PHARMACY #732","CT",NA
"6547912500976304743","GNP PHARMACY #733","NY",NA
"6557328164763739109","GNP PHARMACY #734","NY",NA
"6559530180471425772","GNP PHARMACY #735","PR",NA
"6561381295146989681","GNP PHARMACY #736","NY",NA
"6563492938779676643","GNP PHARMACY #737","NJ",NA
"6568582523327720717","GNP PHARMACY #738","NY",NA
"6579304393838431101","GNP PHARMACY #740","NJ",NA
"6592211378050362589","GNP PHARMACY #741","PA",NA
"659581646728572273","GNP PHARMACY #742","PR",NA
"6598095530774727292","GNP PHARMACY #743","PA",NA
"6611378013698875910","GNP PHARMACY #745","NJ",NA
"6611911314534067321","GNP PHARMACY #746","NY",NA
"6632383724539151973","GNP PHARMACY #748","NY",NA
"6632774668149677106","GNP PHARMACY #749","PA",NA
"6641139463488575478","GNP PHARMACY #751","NJ",NA
"6654003776215514771","GNP PHARMACY #752","PA",NA
"6656562275668867832","GNP PHARMACY #753","PA",NA
"6658409765514152188","GNP PHARMACY #754","NJ",NA
"666776683977880758","GNP PHARMACY #755","PA",NA
"667364486708041916","GNP PHARMACY #756","NJ",NA
"6685981211417666228","GNP PHARMACY #757","PA",NA
"6692189965057781837","GNP PHARMACY #758","PR",NA
"6709528906615177605","GNP PHARMACY #760","NJ",NA
"6726518589168248640","GNP PHARMACY #761","NY",NA
"6728317534070633598","GNP PHARMACY #762","NY",NA
"6735800101346238710","GNP PHARMACY #763","MA",NA
"6738513774166555822","GNP PHARMACY #764","PA",NA
"6742140377077151951","GNP PHARMACY #765","CT",NA
"6742161920819935044","GNP PHARMACY #766","NY",NA
"6756961630849025050","GNP PHARMACY #767","NJ",NA
"67695570374520063","GNP PHARMACY #768","MA",NA
"6771208977842521700","GNP PHARMACY #769","NY",NA
"677664209138902544","GNP PHARMACY #770","ME",NA
"6777615955579737452","GNP PHARMACY #771","NJ",NA
"6792240279383701261","GNP PHARMACY #772","NJ",NA
"6799326603056240596","GNP PHARMACY #773","NY",NA
"680196811572947758","GNP PHARMACY #774","NY",NA
"6802136207069522332","GNP PHARMACY #775","NY",NA
"6805531540636822557","GNP PHARMACY #776","PA",NA
"6806476007115598975","GNP PHARMACY #777","NY",NA
"6817606455834181921","GNP PHARMACY #778","CT",NA
"6819973192865387170","GNP PHARMACY #779","NY",NA
"6826219988365594166","GNP PHARMACY #780","NY",NA
"6839091816682117975","GNP PHARMACY #781","CT",NA
"6842080865795120332","GNP PHARMACY #782","NJ",NA
"6863202207123678545","GNP PHARMACY #783","PR",NA
"6877019818085092115","GNP PHARMACY #784","NJ",NA
"688289283884659351","GNP PHARMACY #785","NJ",NA
"6893897423644279999","GNP PHARMACY #786","NY",NA
"6910258539004683891","GNP PHARMACY #787","NJ",NA
"6917477815617863492","GNP PHARMACY #788","NJ",NA
"6932779251774696978","GNP PHARMACY #789","PR",NA
"693393635820229396","GNP PHARMACY #790","NJ",NA
"6940071018851305068","GNP PHARMACY #791","NY",NA
"6955466908983118516","GNP PHARMACY #792","PR",NA
"6976518868537733764","GNP PHARMACY #793","NY",NA
"697834711152652110","GNP PHARMACY #794","MA",NA
"6993432800316023857","GNP PHARMACY #796","PA",NA
"700242791721961229","GNP PHARMACY #797","NY",NA
"7019695482374529349","GNP PHARMACY #799","NY",NA
"7022518788724399628","GNP PHARMACY #801","PR",NA
"7032411252872651166","GNP PHARMACY #802","CT",NA
"7033191861977836853","GNP PHARMACY #803","NY",NA
"704246320014656841","GNP PHARMACY #804","NJ",NA
"704496865674493186","GNP PHARMACY #805","PR",NA
"7092745951987790832","GNP PHARMACY #808","NY",NA
"7099762624618353938","GNP PHARMACY #809","NY",NA
"7135660908719438350","GNP PHARMACY #810","NY",NA
"7162163653127343885","GNP PHARMACY #811","PA",NA
"7166822490474332954","GNP PHARMACY #812","NY",NA
"717978044986193881","GNP PHARMACY #813","PR",NA
"718581371879314367","GNP PHARMACY #814","PR",NA
"7194785635144349667","GNP PHARMACY #815","NY",NA
"7196810018951420015","GNP PHARMACY #816","NJ",NA
"7211795617849000620","GNP PHARMACY #818","NY",NA
"7217870879851769200","GNP PHARMACY #819","PA",NA
"7222689566687779785","GNP PHARMACY #820","PR",NA
"7224863835164231671","GNP PHARMACY #821","CT",NA
"7226328058162200921","GNP PHARMACY #822","PA",NA
"7238420777152604336","GNP PHARMACY #823","NY",NA
"7249940934477061071","GNP PHARMACY #824","NY",NA
"7259332229818106493","GNP PHARMACY #825","PA",NA
"726534182124889889","GNP PHARMACY #826","NJ",NA
"7268130228471025340","GNP PHARMACY #827","NJ",NA
"7272119139458291100","GNP PHARMACY #828","NY",NA
"7282650801401972537","GNP PHARMACY #829","PR",NA
"7293694066351578744","GNP PHARMACY #830","NJ",NA
"7296090886099546661","GNP PHARMACY #831","NJ",NA
"7329435539406558825","GNP PHARMACY #832","PA",NA
"7333382287040431548","GNP PHARMACY #833","MA",NA
"7349938189092272013","GNP PHARMACY #834","CT",NA
"7355954445535145626","GNP PHARMACY #836","NJ",NA
"736248681357198526","GNP PHARMACY #837","CT",NA
"7373780330281341784","GNP PHARMACY #838","NY",NA
"7375217677660013220","GNP PHARMACY #839","NY",NA
"7377096455882594601","GNP PHARMACY #840","NJ",NA
"7378819877337556633","GNP PHARMACY #841","PR",NA
"738326840607491681","GNP PHARMACY #842","PA",NA
"7392595527575143144","GNP PHARMACY #843","PA",NA
"7392666870413260978","GNP PHARMACY #844","PR",NA
"7392746390675188763","GNP PHARMACY #845","Z",NA
"7393495194368525015","GNP PHARMACY #846","PR",NA
"7395993648081337376","GNP PHARMACY #847","PR",NA
"7398824657109743527","GNP PHARMACY #848","CT",NA
"7400785319311578122","GNP PHARMACY #849","NY",NA
"7407648376021669359","GNP PHARMACY #850","NJ",NA
"740865154140384102","GNP PHARMACY #851","PA",NA
"7413496282652049832","GNP PHARMACY #852","NY",NA
"7416265322181154580","GNP PHARMACY #853","NJ",NA
"7437279712014294647","GNP PHARMACY #854","PA",NA
"7437938282323255294","GNP PHARMACY #855","NY",NA
"7447699504207961821","GNP PHARMACY #857","NJ",NA
"7455692093864223403","GNP PHARMACY #858","NJ",NA
"7460683502291223069","GNP PHARMACY #859","PA",NA
"748915121719309177","GNP PHARMACY #861","PA",NA
"749473014598443400","GNP PHARMACY #862","NJ",NA
"7501365986285811473","GNP PHARMACY #863","NY",NA
"7519851493709340736","GNP PHARMACY #864","NY",NA
"7522884085260974046","GNP PHARMACY #865","NJ",NA
"7560390416691171262","GNP PHARMACY #867","PR",NA
"7561952742994702546","GNP PHARMACY #868","NJ",NA
"7579957613215447162","GNP PHARMACY #869","NY",NA
"7581835153043497431","GNP PHARMACY #870","NJ",NA
"7583516829738573196","GNP PHARMACY #871","NY",NA
"7584865582904439383","GNP PHARMACY #872","NY",NA
"7619661934196225874","GNP PHARMACY #873","MA",NA
"7626231025088777272","GNP PHARMACY #874","NJ",NA
"7630514448320969462","GNP PHARMACY #875","NY",NA
"7657126483644887705","GNP PHARMACY #878","NJ",NA
"7669153371901433797","GNP PHARMACY #879","NY",NA
"7677678154345896791","GNP PHARMACY #880","NJ",NA
"7702971169763203986","GNP PHARMACY #882","NY",NA
"7703775376909504077","GNP PHARMACY #883","NY",NA
"7709373333976081835","GNP PHARMACY #884","NJ",NA
"7709758559375882417","GNP PHARMACY #885","NY",NA
"7733369357831728114","GNP PHARMACY #886","NY",NA
"7734400911929478962","GNP PHARMACY #887","NY",NA
"7752182048403915772","GNP PHARMACY #888","NY",NA
"7768145531895586521","GNP PHARMACY #889","PA",NA
"7785577430440882196","GNP PHARMACY #890","NY",NA
"7807952863928425281","GNP PHARMACY #891","NY",NA
"7807987707214463754","GNP PHARMACY #892","PA",NA
"7809632135760667706","GNP PHARMACY #893","PA",NA
"7824675222855900302","GNP PHARMACY #894","NY",NA
"7832320768182472363","GNP PHARMACY #895","NJ",NA
"7837632439563496881","GNP PHARMACY #896","NY",NA
"7838894889567911402","GNP PHARMACY #897","PR",NA
"7843960089625055465","GNP PHARMACY #898","NY",NA
"7856606782243195612","GNP PHARMACY #899","NJ",NA
"7860302911962609650","GNP PHARMACY #900","MA",NA
"7863374745083393036","GNP PHARMACY #901","PA",NA
"7874893029862460545","GNP PHARMACY #903","NJ",NA
"7908821636869569869","GNP PHARMACY #904","NY",NA
"7920351669889702761","GNP PHARMACY #905","NY",NA
"7935214806350993867","GNP PHARMACY #906","NJ",NA
"7945040859088870677","GNP PHARMACY #907","NJ",NA
"7952322922583024175","GNP PHARMACY #908","NY",NA
"7958787053348533917","GNP PHARMACY #909","PA",NA
"7973072630748892025","GNP PHARMACY #910","NY",NA
"7987789610336617163","GNP PHARMACY #912","NJ",NA
"7995253310771679983","GNP PHARMACY #913","NY",NA
"8000582052486268140","GNP PHARMACY #915","PA",NA
"8007076116140450849","GNP PHARMACY #916","NJ",NA
"8009296234234212784","GNP PHARMACY #917","PA",NA
"8010274570498668087","GNP PHARMACY #918","NJ",NA
"8011055537588824768","GNP PHARMACY #919","CT",NA
"8019202972581063616","GNP PHARMACY #921","CT",NA
"8026874610659329679","GNP PHARMACY #922","NY",NA
"8028128609886840490","GNP PHARMACY #923","NY",NA
"8032173824433900549","GNP PHARMACY #924","PR",NA
"8044562135677453012","GNP PHARMACY #925","NY",NA
"806263995939972956","GNP PHARMACY #927","NY",NA
"8067167321658207924","GNP PHARMACY #928","NY",NA
"8075346229102651144","GNP PHARMACY #929","PA",NA
"8083518536324242016","GNP PHARMACY #930","NY",NA
"8084056652806394351","GNP PHARMACY #931","NY",NA
"80960070327263054","GNP PHARMACY #932","NY",NA
"8107045373805007999","GNP PHARMACY #933","NJ",NA
"8108298014499222159","GNP PHARMACY #934","NJ",NA
"8126062156022077306","GNP PHARMACY #937","NY",NA
"8129592042152177144","GNP PHARMACY #938","NY",NA
"8131230679395211677","GNP PHARMACY #939","NJ",NA
"8135738187960000550","GNP PHARMACY #940","PA",NA
"8141675072780235974","GNP PHARMACY #941","NJ",NA
"8149365383899095251","GNP PHARMACY #943","NY",NA
"8155795136342450515","GNP PHARMACY #944","NY",NA
"8167680552048074120","GNP PHARMACY #945","NY",NA
"8197613259307183297","GNP PHARMACY #946","NJ",NA
"8206562576818272528","GNP PHARMACY #947","NY",NA
"8211630326692147394","GNP PHARMACY #948","NJ",NA
"8221781630042373703","GNP PHARMACY #949","NJ",NA
"8229686485669259755","GNP PHARMACY #950","PA",NA
"8229864123192150929","GNP PHARMACY #951","NJ",NA
"8238991967953295862","GNP PHARMACY #952","PA",NA
"8246579827447468118","GNP PHARMACY #953","NJ",NA
"82472434748834669","GNP PHARMACY #954","NY",NA
"8249375152168077459","GNP PHARMACY #955","NY",NA
"8253923957281264208","GNP PHARMACY #956","PR",NA
"8255854050015877065","GNP PHARMACY #957","ME",NA
"8265792971841347357","GNP PHARMACY #958","NY",NA
"827488552022372904","GNP PHARMACY #959","CT",NA
"8275920630437410644","GNP PHARMACY #960","PA",NA
"8306671030877265705","GNP PHARMACY #961","NY",NA
"8322426040738053157","GNP PHARMACY #962","NY",NA
"8334257211286246462","GNP PHARMACY #963","NJ",NA
"8338130398390398934","GNP PHARMACY #965","ME",NA
"8341231997476907700","GNP PHARMACY #966","NY",NA
"8342512872454639314","GNP PHARMACY #967","NJ",NA
"8359081173805382863","GNP PHARMACY #968","PR",NA
"8365973179300663163","GNP PHARMACY #969","NY",NA
"8367284566496696945","GNP PHARMACY #970","DE",NA
"8377595048415294655","GNP PHARMACY #971","NJ",NA
"8381064165939670460","GNP PHARMACY #972","NJ",NA
"8384196920509637697","GNP PHARMACY #973","PA",NA
"8389177076096458766","GNP PHARMACY #974","PR",NA
"8395022370585498959","GNP PHARMACY #975","NY",NA
"8397028342181857205","GNP PHARMACY #976","NY",NA
"8409544756048635268","GNP PHARMACY #978","PA",NA
"8419519095926092365","GNP PHARMACY #979","PA",NA
"845591309065412826","GNP PHARMACY #980","NY",NA
"8459190121355420160","GNP PHARMACY #981","PA",NA
"8463481444586842512","GNP PHARMACY #982","NJ",NA
"8463908876617243580","GNP PHARMACY #983","NY",NA
"847007945304974125","GNP PHARMACY #984","PR",NA
"8478593084564328737","GNP PHARMACY #985","PA",NA
"8483729380599826391","GNP PHARMACY #986","NJ",NA
"8485340359146581244","GNP PHARMACY #987","PR",NA
"8497935840814503910","GNP PHARMACY #988","NY",NA
"8505217578200600027","GNP PHARMACY #989","NJ",NA
"8516123205268021706","GNP PHARMACY #991","MA",NA
"8516284906780089777","GNP PHARMACY #992","NY",NA
"8521225737029227797","GNP PHARMACY #993","NJ",NA
"8525603080714848588","GNP PHARMACY #994","NY",NA
"853034651406281555","GNP PHARMACY #995","PA",NA
"8534622287236764216","GNP PHARMACY #996","NJ",NA
"8542272667924214643","GNP PHARMACY #997","PR",NA
"8552715109646311621","GNP PHARMACY #998","NY",NA
"85547677201840911","GNP PHARMACY #999","NJ",NA
"8562451264440684709","GNP PHARMACY #1000","NY",NA
"8565322462943354519","GNP PHARMACY #1001","NY",NA
"8567030247382232814","GNP PHARMACY #1002","MA",NA
"8568588470399143213","GNP PHARMACY #1003","NY",NA
"8574340487850494680","GNP PHARMACY #1004","NY",NA
"8574397068189742988","GNP PHARMACY #1005","NJ",NA
"8580017975549423122","GNP PHARMACY #1006","PA",NA
"860530118116023399","GNP PHARMACY #1007","NY",NA
"8608458983261085130","GNP PHARMACY #1009","PR",NA
"8613739565087303534","GNP PHARMACY #1010","NJ",NA
"8616537171411297134","GNP PHARMACY #1011","NY",NA
"8621518317290556217","GNP PHARMACY #1012","NJ",NA
"8634149097043482298","GNP PHARMACY #1013","NJ",NA
"8638555501840919461","GNP PHARMACY #1014","NJ",NA
"8648336893200341826","GNP PHARMACY #1015","PA",NA
"866124753563469967","GNP PHARMACY #1016","NY",NA
"8675013833093293050","GNP PHARMACY #1017","NY",NA
"8700456000202223239","GNP PHARMACY #1019","NY",NA
"8729937223636312336","GNP PHARMACY #1020","PR",NA
"8731125849487233109","GNP PHARMACY #1021","NJ",NA
"8731334084133797919","GNP PHARMACY #1022","NY",NA
"8741249103656809664","GNP PHARMACY #1023","PR",NA
"8741425467520561401","GNP PHARMACY #1024","MA",NA
"874167253720629196","GNP PHARMACY #1025","CT",NA
"8742553879828116928","GNP PHARMACY #1026","NY",NA
"8757240688119926261","GNP PHARMACY #1027","MA",NA
"8757819930759047261","GNP PHARMACY #1028","NY",NA
"8758830529676293777","GNP PHARMACY #1029","NY",NA
"8762877890227611813","GNP PHARMACY #1030","PA",NA
"8768027618361598832","GNP PHARMACY #1031","PA",NA
"8780920965938761611","GNP PHARMACY #1032","MA",NA
"8785400446571668482","GNP PHARMACY #1033","PA",NA
"8813017973794043214","GNP PHARMACY #1034","NJ",NA
"8814869143010749795","GNP PHARMACY #1035","NJ",NA
"8817206336930937633","GNP PHARMACY #1036","PR",NA
"8828920187737586017","GNP PHARMACY #1037","NY",NA
"885174262956722694","GNP PHARMACY #1038","NJ",NA
"8856849446636200592","GNP PHARMACY #1039","PA",NA
"8856969216617601348","GNP PHARMACY #1040","PA",NA
"8865349711412919248","GNP PHARMACY #1041","NY",NA
"8867925513435657","GNP PHARMACY #1042","NY",NA
"8877769308373673925","GNP PHARMACY #1043","NY",NA
"8879598828322175179","GNP PHARMACY #1045","NJ",NA
"8883024045692281665","GNP PHARMACY #1046","PR",NA
"8886069217667341306","GNP PHARMACY #1047","NJ",NA
"8892389211533138607","GNP PHARMACY #1048","NY",NA
"8899585272712683033","GNP PHARMACY #1049","PR",NA
"8923736571875322523","GNP PHARMACY #1050","ME",NA
"8925544101767093750","GNP PHARMACY #1051","NY",NA
"8934534445838494879","GNP PHARMACY #1054","PA",NA
"8938432978239513321","GNP PHARMACY #1055","NJ",NA
"8944692128522476399","GNP PHARMACY #1056","PR",NA
"8949491828146790465","GNP PHARMACY #1057","PA",NA
"8958473631959778901","GNP PHARMACY #1058","NY",NA
"8961504884347630766","GNP PHARMACY #1059","CT",NA
"8964902551133717854","GNP PHARMACY #1060","NJ",NA
"8965108713638577136","GNP PHARMACY #1061","CT",NA
"8971859059703382470","GNP PHARMACY #1062","NY",NA
"8973561208770792542","GNP PHARMACY #1063","RI",NA
"8981248433959957604","GNP PHARMACY #1064","NY",NA
"8982005845971836045","GNP PHARMACY #1065","PA",NA
"8984074543212605541","GNP PHARMACY #1066","NY",NA
"8998553777988148251","GNP PHARMACY #1067","NY",NA
"8999030874287322664","GNP PHARMACY #1068","PA",NA
"9001131220958219025","GNP PHARMACY #1069","CT",NA
"901336259706589454","GNP PHARMACY #1070","NJ",NA
"9028767698934207714","GNP PHARMACY #1071","PA",NA
"9030311729030100068","GNP PHARMACY #1072","NY",NA
"9035894618487564924","GNP PHARMACY #1073","PA",NA
"9036935034049010590","GNP PHARMACY #1074","NY",NA
"9037142506187940486","GNP PHARMACY #1075","NY",NA
"9046096587449843036","GNP PHARMACY #1076","PA",NA
"9097788559732795068","GNP PHARMACY #1077","NJ",NA
"9110437051563996474","GNP PHARMACY #1078","NY",NA
"9153349629716820590","GNP PHARMACY #1079","NY",NA
"9153587952787821699","GNP PHARMACY #1080","PA",NA
"9156726599634662942","GNP PHARMACY #1081","NJ",NA
"915973672065185452","GNP PHARMACY #1082","NY",NA
"9160621884969268924","GNP PHARMACY #1083","NY",NA
"9165422403160934053","GNP PHARMACY #1084","PA",NA
"9183107780773837292","GNP PHARMACY #1085","NY",NA
"9188703576614198052","GNP PHARMACY #1086","NJ",NA
"9189184429933043511","GNP PHARMACY #1087","PA",NA
"9201117834346839361","GNP PHARMACY #1088","NY",NA
"9201329313160462531","GNP PHARMACY #1089","PA",NA
"9219100993903155411","GNP PHARMACY #1091","PR",NA
"947189461765894563","GNP PHARMACY #1093","PA",NA
"965742798214222655","GNP PHARMACY #1094","PA",NA
"96716371275840588","GNP PHARMACY #1095","PA",NA
"968692567324061969","GNP PHARMACY #1096","PR",NA
"974183214077120941","GNP PHARMACY #1097","NJ",NA
