"SEGMENT_CD","SEG_DESC","salesRevenue"
"630063406341","MONEY ORDERS & WESTERN UNION",1045707.43
"930093909391","MISC HOME HEALTH CARE",429916.85
"630063206321","LOTTERY",373221.71
"580058505857","OTHER CARDS",347379.75
"710071107111","BRAND",255826.13
"070007300732","ALLERGY TABS & CAPS",200212.96
"410041704171","MISC VITAMINS",194455.65
"530053105311","CANDY",189880.59
"580058505859","ALL OTHER GREETING CARD LINES MISCELLANEOUS",153617.9
"930093309335","WALKERS & ROLLATORS",144812.51
"070007100712","COUGH, COLD, FLU & SINUS TABS & CAPS",124232.49
"630063506351","GIFT CARDS",105692.77
"070007300738","PRIVATE LABEL ALLERGY",104998.93
"070007100711","COUGH, COLD, FLU & SINUS LIQUIDS",84720.79
"070007400741","DECONGESTANT NASAL SPRAYS, DROPS & INHALERS",84352
"030003500353","PREBIOTICS & PROBIOTICS",82191.65
"630063306331","POSTAGE & SHIPPING",80119.04
"010001100118","PRIVATE LABEL PAIN RELIEF",79704.02
"010001100114","IBUPROFEN & OTHER ANTI-INFLAMMATORIES",76411.91
"070007200723","THROAT & COUGH DROPS",74256.49
"030003200321","ACID CONTROLLERS",69314.37
"270027102711","HEEL & ARCH",68123.58
"370037703771","THERAPEUTIC HAND & BODY MOISTURIZERS",64797.9
"190019201922","DRY EYE RELIEF",62628
"030003300338","PRIVATE LABEL LAXATIVES",58274.34
"410041104111","MULTIVITAMINS",54818.31
"560056905691","MISC FOOD & BEVERAGES",54274.24
"650065506551","PHOTO ACCESSORIES",52382.66
"160016201622","KNEE HIGH MEDICAL SUPPORT",50667.26
"940094109411","DISPOSABLE UNDERWEAR",50500.58
"010001200123","EXTERNAL MUSCLE/JOINT PAIN RELIEF CREAMS, OINTMENTS & GELS",50225.33
"070007100718","PRIVATE LABEL COUGH, COLD, FLU & SINUS",49496.54
"410041404143","ENZYMES, AMINO ACIDS & HORMONES",47558.35
"710071107114","MISC",45054.19
"030003300333","LAXATIVE TABS & POWDERS",42532.25
"010001100111","ACETAMINOPHEN",42211.35
"010001100113","ASPIRIN & COMBINATIONS",42173.66
"410041104114","EYE HEALTH VITAMINS",41281.93
"410041204121","VITAMIN B & VITAMIN B COMPLEX",41241.3
"190019201921","EYE RELIEF PRODUCTS",39983.61
"410041404144","MIXED/MISCELLANEOUS SPECIALTY SUPPLEMENTS",39564.66
"250025102511","ADHESIVE & LIQUID BANDAGES",38095.66
"410041204125","VITAMIN D",34609.7
"250025402541","PROTECTIVE GLOVES",33504.48
"580058105817","HALLMARK CARDS",33232.32
"030003200328","PRIVATE LABEL ACID CONTROLLERS",33067.25
"110011201122","TEST STRIPS & CONTROLS",31691.59
"070007400742","NASAL MOISTURIZERS & WASHES",31614.32
"070007500752","MEDICATED LIP TREATMENTS",31556.29
"150015201524","KNEE",30550.95
"570057605762","MISCELLANEOUS GIFTS & NOVELTIES",29547.67
"250025202528","PRIVATE LABEL FIRST AID TREATMENTS",29240.85
"410041504151","CALCIUM",27433.02
"410041304136","MIXED/MISCELLANEOUS HERBALS & BOTANICALS",27251.86
"250025502552","ANTI-ITCH TREATMENTS, JOCK ITCH & INSECT BITE REMEDIES",26282.85
"940094109414","DISPOSABLE PADS, SHIELDS, GUARDS & DRIP COLLECTORS",26185.39
"010001200122","EXTERNAL MUSCLE/JOINT PAIN RELIEF PATCHES & PADS",25344.47
"150015201522","HAND & WRIST",24935.08
"070007700771","CHILDREN'S COUGH, COLD & FLU",24930.11
"250025102513","GAUZE DRESSINGS & ROLLS",24542.32
"410041404145","HEART HEALTH & ESSENTIAL FATTY ACIDS",24533.76
"350035403541","MOUTHWASH",24247.62
"110011201128","PRIVATE LABEL BLOOD GLUCOSE TESTING",23849.38
"920092309236","MEDICINE DROPPERS, SPOONS, PILLBOXES, ETC.",23722.62
"150015301531","HOT/COLD THERAPY",23396.55
"410041204122","VITAMIN C",22739.97
"330033103311","MEN'S RAZOR REFILLS",22706.78
"030003100317","MIXED/MISCELLANEOUS STOMACH REMEDIES",22577.5
"960096109613","BLOOD PRESSURE KITS & ACCESSORIES",22178.02
"070007100714","COLD & FLU SYMPTOM REDUCERS",21986.57
"030003300331","FIBER PRODUCTS",21875.14
"560056805684","SOFT DRINKS",21795.21
"070007700773","CHILDREN'S ALLERGY & SINUS",21296.93
"560056805681","BEER",20456.94
"030003100312","ANTACID TABS & CAPS",19532.41
"230023102311","FEMININE PADS",19193.86
"350035803581","ORAL PAIN RELIEF & MOUTH SORES",19153.54
"580058305837","AMERICAN GREETINGS CARDS",18985.03
"550055605561","STANDARD BATTERIES",18757.88
"230023102312","TAMPONS",18660.97
"250025202522","TOPICAL ANTIBIOTICS",18522.87
"410041404141","JOINT HEALTH",18353.49
"070007300739","GENERIC ALLERGY",18185.34
"010001400148","PRIVATE LABEL CHILDREN'S PAIN & FEVER RELIEF",17969.48
"410041404148","PRIVATE LABEL SPECIALTY SUPPLEMENTS",16928.33
"570057205721","JEWELRY & JEWELRY CLEANERS",16492.71
"050005200523","BABY THERAPEUTIC SKIN CARE",16482.3
"410041504153","MIXED/MISCELLANEOUS MINERAL SUPPLEMENTS",16350.38
"070007500753","LIP MOISTURIZERS",16277.93
"010001400142","CHILDREN'S IBUPROFEN",16071.14
"900090309037","BLOOD PRESSURE KITS & ACCESSORIES",15987.8
"030003100314","MULTI-SYMPTOM & NAUSEA PRODUCTS",15721.47
"350035303531","DENTURE ADHESIVES",15646.97
"150015201521","ANKLE & FOOT",15560.75
"030003700371","HEMORRHOID TREATMENTS",15506.4
"900090109013","ELEVATED TOILET SEATS & ACCESSORIES",15436.6
"410041204128","PRIVATE LABEL SINGLE ENTITY VITAMINS",15375.95
"290029102912","BEAUTY SHAMPOOS",15277.63
"600060306032","FACIAL TISSUE",15078.29
"290029602961","PERMANENT HAIR COLOR",15023.9
"370037903791","FACIAL MOISTURIZERS",14987.28
"350035803583","DRY MOUTH",14812.01
"210021102111","FEMALE CONTRACEPTIVES",14797.16
"350035103513","WHITENING TOOTHPASTE",14769.3
"410041504152","IRON",14658.92
"090009100911","MEN'S SOLIDS & GELS",14642.85
"790079007900","STORE SUPPLIES",14544.95
"010001300131","SLEEP AIDS & SEDATIVES",14286.78
"010001100116","NIGHTTIME PAIN RELIEF",14160.98
"030003300335","STOOL SOFTENERS",14088.67
"940094109418","PRIVATE LABEL DISPOSABLE INCONTINENCE",14041.34
"290029102911","THERAPEUTIC SHAMPOO, HAIR & SCALP TREATMENTS",14011.71
"380038103811","NICOTINE PATCHES",13963.76
"070007400748","PRIVATE LABEL NASAL",13788.11
"620062106211","MAGAZINES",13711.81
"250025102512","FIRST AID TAPES",13428.94
"030003500358","PRIVATE LABEL DIGESTIVE AIDS",13422.96
"370037703772","THERAPEUTIC HAND & BODY TREATMENTS",13283.3
"090009200921","WOMEN'S SOLIDS & GELS",12714.79
"250025502558","PRIVATE LABEL ANTI-ITCH TREATMENTS",12707.78
"370037303731","FACIAL CLEANSERS & SCRUBS",12513.23
"370037403743","BODY CLEANSING LIQUIDS",12512.32
"050005100511","FORMULA",12344.5
"940094109412","DISPOSABLE BRIEFS & UNDERGARMENTS",12318.6
"390039203921","SUN PROTECTION (< SPF 50)",12094.93
"250025202525","SKIN TREATMENTS",12070.91
"350035203521","MANUAL TOOTHBRUSHES",12025.47
"930093309336","WALKING AID ACCESSORIES",12008.17
"380038103818","PRIVATE LABEL SMOKING DETERRENTS",11947.5
"030003100318","PRIVATE LABEL ANTACIDS",11768.49
"270027102712","INSOLES",11687.49
"070007700778","PRIVATE LABEL CHILDREN'S COLD & ALLERGY",11648
"010001400141","CHILDREN'S ACETAMINOPHEN",11631.81
"190019201923","EYE WASH",11527.82
"210021302131","PREGNANCY TESTS",11494.56
"070007600762","VAPOR PRODUCTS",11339.67
"920092309231","BATHING & ORAL HYGIENE AIDS",11185.38
"190019101911","SOFT LENS MULTI-PURPOSE SOLUTIONS",11134.75
"160016201623","THIGH HIGH MEDICAL SUPPORT",11118.84
"900090309035","THERMOMETERS, FEVER STRIPS & ACCESSORIES",11108.78
"030003800386","CHILDREN'S PREBIOTICS & PROBIOTICS",11065.19
"010001100117","SPECIALTY PAIN RELIEF",11060.49
"680068306831","APPAREL",11056.96
"030003400341","ANTI-DIARRHEAL TABS & CAPS",11056.05
"030003300332","ENEMAS, LAXATIVE SUPPOSITORIES, KITS, ETC.",11031.1
"900090309039","PRIVATE LABEL DIAGNOSTIC PRODUCTS",10987.8
"390039203922","SUN PROTECTION (SPF 50+)",10986.47
"250025102518","PRIVATE LABEL FIRST AID DRESSINGS",10957.38
"190019501951","EAR DROPS & SYRINGES",10892.02
"580058505854","OTHER PARTY ITEMS",10884.22
"530053105313","GUM",10826.4
"350035103512","SENSITIVE TOOTHPASTE & TREATMENTS",10818.54
"070007200722","SORE THROAT PAIN RELIEF",10792.79
"330033103313","MEN'S DISPOSABLE RAZORS",10760.12
"030003600361","ANTI-GAS",10670.69
"010001100119","GENERIC PAIN RELIEF",10553.79
"230023202321","FEMININE ANTIFUNGAL",10545.86
"350035503551","FLOSS & FLOSSERS",10418.39
"940094309433","MOISTURIZERS, BARRIERS & PROTECTANTS",10270.39
"580058205827","AMBASSADOR CARDS",10174.35
"010001200124","EXTERNAL MUSCLE/JOINT PAIN RELIEF LOTIONS, LIQUIDS, ROLL-ONS & SPRAYS",10151.5
"930093309331","CANES",10105.1
"290029202921","CONDITIONERS",10077.34
"410041104118","PRIVATE LABEL MULTIVITAMINS",10064.97
"030003400348","PRIVATE LABEL ANTI-DIARRHEALS",10054.42
"900090109011","BATHTUB SAFETY & ACCESSORIES",9975.22
"150015301538","PRIVATE LABEL HOT/COLD THERAPY",9601.36
"150015601562","SACRO & BACK BRACES",9566.07
"150015301532","ELECTRIC HEATING PADS",9463.73
"660066406643","HALLOWEEN",9276
"350035103511","REGULAR TOOTHPASTE & TOOTH POWDER",9248.48
"920092709275","NEBULIZERS",9248.21
"250025502551","HYDROCORTISONE PRODUCTS",9187.37
"550055605564","WATCH & MEDICAL BATTERIES",9158.42
"130013401342","NUTRITIONAL LIQUIDS",9057.72
"410041604161","CHILDREN'S VITAMINS & MINERALS",8937.81
"390039203926","SPORT SUN PROTECTION",8796.82
"250025202523","ANTISEPTICS & MEDICATED PRODUCTS",8728.35
"030003700372","HEMORRHOID WIPES & WASHES",8706.51
"070007600763","VAPORIZERS, HUMIDIFIERS & ACCESSORIES",8625.09
"010001300133","MOTION SICKNESS & VERTIGO",8417.92
"900090509053","BACKRESTS, SEATING & POSTURE AIDS",8307.88
"410041404146","GENERAL HEALTH PREBIOTICS & PROBIOTICS",8189.76
"050005500552","WIPES & FLUSHABLES",8169.96
"400040104011","TRIAL/TRAVEL SIZES",8135.46
"940094309432","WIPES & TOWELETTES",8114.39
"210021202121","CONDOMS",8011.31
"550055605562","HEARING AID BATTERIES",7997.69
"370037403741","HAND & BODY CLEANSING BARS & SOAPS",7940.1
"430043104311","LIQUIDS",7902.03
"350035503552","INTERDENTAL",7872.14
"370037103712","ACNE SOAPS & CLEANSERS",7849.83
"600060306033","BATH TISSUE",7837.24
"410041504159","GENERIC MINERAL SUPPLEMENTS",7804.25
"270027402748","PRIVATE LABEL ANTIFUNGAL TREATMENTS",7769.06
"560056805683","LIQUOR",7756.4
"250025102517","SURGICAL BANDAGES & DRESSINGS",7735.94
"150015201523","ELBOW & ARM",7519.83
"910091109114","MEDICAL NUTRITIONALS",7463.07
"160016201621","MIXED/MISCELLANEOUS MEDICAL SUPPORT & ACCESSORIES",7434.2
"700070307031","ADHESIVES, GLUES & TAPES",7398.04
"290029402942","HAIR SPRAYS",7396.63
"150015101511","ELASTIC BANDAGES",7220.53
"030003300339","GENERIC LAXATIVES",7194.08
"920092109216","WAFERS & BARRIERS",7091.91
"130013501351","SPORT/ENERGY LIQUIDS",7076.41
"250025302531","LICE TREATMENTS & ACCESSORIES",7020.24
"410041504158","PRIVATE LABEL MINERAL SUPPLEMENTS",6964.48
"930093709371","POWER CHAIRS",6898
"560056805687","BOTTLED WATERS",6786.77
"790079107911","STORE SUPPLIES & MISCELLANEOUS EXPENSES",6778.57
"050005100513","ELECTROLYTES",6770.53
"030003300334","LAXATIVE LIQUIDS",6761.05
"540054205426","ACCESSORIES & IMPLEMENTS",6752.55
"070007400743","NASAL STRIPS & SNORE RELIEF",6752.41
"560056805688","MISCELLANEOUS BEVERAGES",6736.03
"380038103819","GENERIC SMOKING DETERRENTS",6667.13
"250025102516","MIXED/MISCELLANEOUS FIRST AID DRESSINGS",6650.42
"350035103514","WHITENING STRIPS & TREATMENTS",6482.83
"380038103812","NICOTINE GUM & LOZENGES",6391.1
"270027402742","ANTIFUNGAL CREAMS & LIQUIDS",6369.98
"230023302332","WIPES & EXTERNAL WASHES",6226.07
"250025202526","SKIN PROTECTANTS",6141.22
"010001300138","PRIVATE LABEL SLEEP AIDS, STIMULANTS & MOTION SICKNESS",6130.93
"330033203321","MEN'S SHAVING & HAIR REMOVAL",6088.84
"930093809387","GAUZE DRESSINGS, PADS, SPONGES & PACKING",6065.05
"350035303532","DENTURE CLEANERS & ACCESSORIES",6017.86
"270027502751","WART REMOVER PADS & LIQUIDS",5993.79
"370037303734","ASTRINGENTS, TONERS, PADS & TOWELETTES",5957.25
"650065206521","PHOTO PROCESSING",5930.97
"550055905592","CELL PHONES & ACCESSORIES",5856.94
"130013401345","THICKENERS & PRE-THICKENED BEVERAGES/FOODS",5776.12
"150015601563","ARM SLINGS & CERVICAL COLLARS",5759.5
"160016101614","WOMEN'S SUPPORT HOSE - KNEE HIGH",5746.05
"030003600368","PRIVATE LABEL ANTI-GAS",5674.04
"330033103316","WOMEN'S DISPOSABLE RAZORS",5632.33
"370037803787","THERAPEUTIC BATH & AFTER BATH",5559.17
"150015401541","ABDOMINAL SUPPORTS",5552.69
"670067106711","SEWING NEEDS",5526.53
"110011201123","LANCETS & LANCET DEVICES",5514.07
"390039203923","CHILDREN'S SUN PROTECTION",5507.64
"940094109413","DISPOSABLE UNDERPADS",5300.84
"620062306231","NEWSPAPERS",5298.02
"050005200526","BABY BATH & HAIR CARE",5296.99
"210021302138","PRIVATE LABEL PREGNANCY & OVULATION/FERTILITY TESTS & SUPPORT",5281.88
"370037203721","MEDICATED & SPECIALTY SOAPS",5204.31
"070007600761","ASTHMA PREPARATIONS",5133.12
"050005600561","COTTON SWABS",5101.63
"410041204123","VITAMIN E",5086.64
"330033503351","WOMEN'S HAIR REMOVAL & SKIN TREATMENTS",4914.65
"190019501952","EAR PLUGS & PROTECTION",4910.07
"370037303737","MAKE-UP REMOVERS",4823.64
"270027202723","MIXED/MISCELLANEOUS FOOT CUSHIONING & TREATMENTS",4814.29
"250025202529","GENERIC FIRST AID TREATMENTS",4804.27
"050005500551","DIAPERS",4777.36
"560056305635","MISCELLANEOUS SNACKS & DESSERTS",4696.78
"050005200524","BABY POWDER",4658.38
"600060206021","AIR FRESHENER SPRAYS & OTHER FORMS",4656.76
"330033103312","MEN'S REUSABLE SYSTEM RAZORS",4609.74
"070007300731","ALLERGY LIQUIDS",4605.14
"270027402744","NAIL FUNGUS TREATMENTS",4599.87
"330033203323","MEN'S AFTERSHAVE & SKIN CARE",4567.11
"940094209422","REUSABLE UNDERPADS",4558.95
"270027602762","FOOT MOISTURIZERS, EXFOLIATORS & CLEANSERS",4547.17
"110011301135","ALCOHOL WIPES",4495.61
"160016201626","WOMEN'S HIGH COMPRESSION SUPPORT HOSE - FULL & MATERNITY",4494.74
"230023202328","PRIVATE LABEL FEMININE ANTIFUNGAL",4420.77
"190019201929","GENERIC EYE PREPARATIONS",4365.74
"910091509157","HOSPITAL BED ACCESSORIES",4362.23
"190019501953","MIXED/MISCELLANEOUS EAR CARE",4354.26
"660066106611","INSECT REPELLENTS",4333.94
"930093809389","MIXED/MISCELLANEOUS SPECIALIZED WOUND CARE",4330.1
"530053105312","MINTS",4329.46
"910091509156","MIXED/MISCELLANEOUS PATIENT ROOM SUPPLIES",4280.4
"910091509153","COMMODES & COMMODE PARTS",4223.44
"900090309038","MIXED/MISCELLANEOUS DIAGNOSTIC PRODUCTS (HOME TEST KITS)",4219.26
"150015201526","JOINT WARMERS & ARTHRITIS",4194.76
"350035203522","BATTERY TOOTHBRUSHES & REFILLS",4172.56
"110011501153","MIXED/MISCELLANEOUS DIABETES HEALTH & PERSONAL CARE",4159.34
"150015101514","ATHLETIC TAPE/WRAPS",4142.11
"110011701172","SYRINGES",4072.76
"600060306035","PREMOISTENED TOWELS",4046.67
"070007700774","CHILDREN'S NASAL",4037.24
"370037903796","MIXED/MISCELLANEOUS FACIAL MOISTURIZERS & TREATMENTS",3985.36
"410041204129","GENERIC SINGLE ENTITY VITAMINS",3968.15
"560056805685","COCOA, COFFEE & TEA",3941.16
"230023302333","FEMININE ANTI-ITCH",3930.39
"090009100912","MEN'S SPRAYS",3895.39
"350035803585","MIXED/MISCELLANEOUS ORAL REMEDIES",3871.04
"110011601161","URINE TEST STRIPS",3868.99
"230023102313","PANTY LINERS",3865.36
"110011201121","BLOOD GLUCOSE MONITORS",3849.98
"370037403744","INSTANT HAND SANITIZERS",3846.85
"210021402141","PERSONAL LUBRICANTS",3844.2
"270027202721","CORN, CALLUS & BUNION PADS",3763.45
"270027402743","ANTIFUNGAL SPRAYS",3730.49
"330033403342","MEN'S HAIR COLOR",3674.2
"910091509154","URINALS & BEDPANS",3662.92
"190019101915","SOFT LENS REWETTING DROPS",3622
"370037103711","ACNE CREAMS, GELS, LOTIONS & PATCHES",3568.86
"030003500351","LACTOSE INTOLERANCE",3557.78
"190019501958","PRIVATE LABEL EAR CARE",3531.21
"290029402941","MOUSSES & GELS",3527.43
"050005100512","NUTRITIONALS",3521.35
"030003100313","EFFERVESCENT ANTACIDS & COMBINATIONS",3517.08
"250025402545","FINGER COTS & SPLINTS",3493.27
"600060306034","PAPER TOWELS",3484.19
"700070507054","ENVELOPES & MAILING ACCESSORIES",3422.34
"190019201928","PRIVATE LABEL EYE PREPARATIONS",3407.54
"350035203523","RECHARGEABLE TOOTHBRUSHES & REFILLS",3329.87
"030003800382","CHILDREN'S LAXATIVES",3317.46
"160016101612","MEN'S SUPPORT HOSE",3314.84
"250025402543","MASKS",3295.31
"940094309431","CLEANSERS & WASHES",3194.94
"270027202728","PRIVATE LABEL FOOT CUSHIONING & TREATMENTS",3185.42
"190019301931","EYEGLASSES & LENS ACCESSORIES",3165.26
"370037503758","PRIVATE LABEL COSMETIC PUFFS & PADS",3112.27
"050005100518","PRIVATE LABEL BABY FORMULA, NUTRITIONALS, ELECTROLYTES & FOOD",3031.3
"270027202722","CORN & CALLUS REMOVERS",3025.56
"270027402741","ANTIFUNGAL POWDERS",3018.21
"960096109612","THERMOMETERS, FEVER STRIPS & ACCESSORIES",3013.8
"930093809384","HYDROCOLLOID/HYDROGEL DRESSINGS",2988.2
"330033103315","WOMEN'S REUSABLE SYSTEM RAZORS",2980.62
"190019401941","READING GLASSES",2974.13
"150015601561","HERNIA SUPPORTS & SUSPENSORIES",2971.86
"530053305332","EASTER CANDY",2969.65
"150015101518","PRIVATE LABEL ELASTIC BANDAGES & ATHLETIC TREATMENTS",2948.57
"900090509055","WEDGES & PILLOWS",2931.49
"330033103314","WOMEN'S RAZOR REFILLS",2925.42
"130013201324","WEIGHT MANAGEMENT TABS & CAPS",2904.9
"030003400342","ANTI-DIARRHEAL LIQUIDS",2861.33
"010001200127","MIXED/MISCELLANEOUS EXTERNAL PAIN RELIEF",2832.65
"350035703571","BREATH FRESHENERS",2782.63
"900090109014","GRAB BARS & HANDLES",2782.23
"900090109012","BATHTUB & TOILET RAILS & FRAMES",2773.38
"070007300733","MIXED/MISCELLANEOUS ALLERGY",2771.23
"910091909196","CAST BOOTS/ACCESSORIES & POST-OP SHOES",2736.05
"010001200128","PRIVATE LABEL EXTERNAL PAIN RELIEF",2733.55
"030003100311","ANTACID LIQUIDS",2703.76
"050005200527","BABY ORAL & TEETHING PAIN",2703
"010001100112","FEMININE PAIN RELIEF",2693.55
"290029202922","HAIR TREATMENTS",2591.66
"920092509252","STEAM PACKS & HYDROCOLLATORS",2583.34
"720072207221","GAMES & TOYS",2582.81
"110011501152","DIABETES COUGH, COLD & ALLERGY",2549.59
"230023302335","MIXED/MISCELLANEOUS FEMININE PERSONAL CARE",2547.74
"110011301138","PRIVATE LABEL DIABETES CARE ACCESSORIES",2540.99
"930093309332","CRUTCHES",2538.23
"540054205425","NAIL POLISH REMOVER",2499
"390039303931","AFTER SUN",2495.45
"350035903591","CHILDREN'S TOOTHPASTE",2469.1
"600060706073","MULTI-PURPOSE CLEANERS/DISINFECTANTS",2390.17
"940094209421","REUSABLE GARMENTS",2375.71
"920092209224","DRAINABLE POUCHES-TWO PIECE",2340.24
"190019401948","PRIVATE LABEL READING GLASSES & MAGNIFYING GLASSES",2337.38
"920092809281","TENS UNITS",2334.3
"930093209321","EXTERNAL CATHETERS",2324.26
"250025302538","PRIVATE LABEL ANTIPARASITIC TREATMENTS",2305.99
"370037403742","HAND CLEANSING LIQUIDS",2291.27
"070007100713","MIXED/MISCELLANEOUS COUGH, COLD, FLU & SINUS",2286.01
"270027302731","ODOR & WETNESS POWDERS",2244.97
"410041404142","MENOPAUSE SUPPORT",2220.8
"270027502757","MIXED/MISCELLANEOUS WART REMOVERS",2211.16
"920092309234","GROOMING & DRESSING AIDS",2202.98
"560056305632","COOKIES & CRACKERS",2179.79
"560056805686","JUICES",2177.28
"050005400542","BREAST PUMPS & NURSING ACCESSORIES",2170.3
"350035803584","TEMPORARY DENTAL REPAIR",2134.99
"960096109615","MIXED/MISCELLANEOUS HOME DIAGNOSTICS",2130.53
"700070207021","PENS & REFILLS",2125.62
"250025402548","PRIVATE LABEL FIRST AID KITS & SUPPLIES",2122.25
"560056605668","TAXABLE PERISHABLE FOOD",2122.06
"410041104115","PRENATAL VITAMINS",2103.93
"050005200521","BABY OIL",2039.17
"410041304138","PRIVATE LABEL HERBALS & BOTANICALS",2030.95
"330033203327","MIXED/MISCELLANEOUS MEN'S SHAVING, HAIR REMOVAL & SKIN CARE",2017.78
"410041104119","GENERIC MULTIVITAMINS",2010.76
"350035903592","CHILDREN'S TOOTHBRUSHES",1967.78
"070007100719","GENERIC COUGH, COLD, FLU & SINUS",1961.04
"330033103318","PRIVATE LABEL RAZORS & REFILLS",1936.14
"030003500352","MIXED/MISCELLANEOUS DIGESTIVE AIDS",1930.28
"160016101617","ATHLETIC SUPPORT SOCKS",1924.52
"330033403341","MEN'S HAIR PREPARATIONS",1910.17
"250025402544","MIXED/MISCELLANEOUS FIRST AID KITS & SUPPLIES",1897.57
"250025202527","WOUND CLEANSERS",1892.76
"110011501151","DIABETES SKIN CARE",1889.97
"190019401943","MIXED/MISCELLANEOUS READING GLASSES & MAGNIFYING GLASSES",1880.56
"300030203021","HOMEOPATHIC SINGLE REMEDIES",1872.69
"930093309334","QUAD CANES",1852.51
"370037803782","AFTER BATH OIL, POWDER, SPLASHES & MISTS",1842.16
"550055605563","HIGH PERFORMANCE BATTERIES",1839.31
"290029702971","HAIR GROWTH TREATMENTS",1761.68
"410041404149","GENERIC SPECIALTY SUPPLEMENTS",1752.93
"050005200522","BABY LOTIONS & CREAMS",1736.92
"660066806689","MIXED/MISCELLANEOUS DOLLAR ITEMS",1702.37
"130013501355","SPORT/ENERGY TABS & CAPS",1699.84
"350035303533","DENTURE REPAIR & PAIN RELIEF",1662.77
"560056305631","SALTY SNACKS",1661.52
"230023302334","FEMININE MOISTURIZERS",1641.5
"370037703779","GENERIC HAND & BODY MOISTURIZERS & TREATMENTS",1631.18
"900090109016","SITZ BATHS & BIDETS",1628.45
"600060206023","SCENTED CANDLES",1617.67
"370037103713","ACNE ASTRINGENTS, TONERS & PADS",1551.1
"920092709277","MIXED/MISCELLANEOUS RESPIRATORY THERAPY",1545.08
"410041304132","GARLIC",1538.2
"030003100319","GENERIC ANTACIDS",1533.91
"960096209626","MEDICINE DOSERS, ORGANIZERS & ACCESSORIES",1531.89
"900090709071","RENTALS & LEASES",1530.05
"210021402144","MIXED/MISCELLANEOUS SEXUAL HEALTH",1529.52
"920092309237","REACHERS, GRIPPERS & LIFTS",1526.49
"920092109215","KARAYA PRODUCTS, WAFERS & BARRIER RINGS",1525.84
"030003800384","CHILDREN'S ANTI-GAS",1524.59
"410041504154","MULTI-MINERALS",1519.97
"090009300931","UNISEX SOLIDS & GELS",1511.31
"070007400749","GENERIC NASAL",1510.19
"390039103911","SUN TANNING",1508.85
"140014101411","STRENGTH/RANGE OF MOTION",1494.85
"150015401542","RIB BELTS",1490.71
"660066406644","CHRISTMAS",1490.66
"090009200923","WOMEN'S ROLL-ONS",1465.06
"230023302336","DOUCHES",1458.78
"090009200922","WOMEN'S SPRAYS",1450.77
"540054805485","ACCESSORIES & IMPLEMENTS",1450.34
"270027102718","PRIVATE LABEL SHOE INSOLES & INSERTS",1437.1
"190019101916","GAS PERMEABLE & HARD LENS CARE",1415.19
"230023202329","GENERIC FEMININE ANTIFUNGAL",1410.07
"570057605761","CANDLES & POTPOURRI",1408.92
"370037303735","PORE STRIPS & MASKS",1390.74
"110011301134","MIXED/MISCELLANEOUS DIABETES CARE ACCESSORIES",1387.87
"270027402749","GENERIC ANTIFUNGAL TREATMENTS",1380.34
"130013401343","NUTRITIONAL POWDERS",1379.28
"960096109619","PRIVATE LABEL HOME DIAGNOSTICS",1326.69
"110011401148","PRIVATE LABEL DIABETES NUTRITIONALS & WELLNESS",1325.52
"070007200728","PRIVATE LABEL COUGH DROPS, SORE THROAT RELIEF",1318.94
"410041104117","MIXED/MISCELLANEOUS MULTIVITAMINS",1314.32
"910091509158","BEDDING & PATIENT-WEAR",1305.7
"430043104318","PRIVATE LABEL LIQUIDS",1303.43
"910091809181","SPECIALIZED ANKLE & FOOT BRACES/SUPPORTS/SPLINTS",1297.93
"150015201528","PRIVATE LABEL BRACES",1297.9
"230023302331","DEODORANTS & POWDERS",1291.81
"030003700378","PRIVATE LABEL HEMORRHOID PREPARATIONS",1264.33
"900090509052","MATTRESS & PILLOW PADS/COVERS",1256.85
"270027202729","GENERIC FOOT CUSHIONING & TREATMENTS",1243.72
"050005500558","PRIVATE LABEL DISPOSABLE DIAPERS & WIPES",1242.91
"600060806082","LAUNDRY - WASHER PRODUCTS",1236.21
"050005200528","PRIVATE LABEL BABY HEALTH, BEAUTY & WELLNESS",1233.45
"030003200329","GENERIC ACID CONTROLLERS",1230.52
"050005500554","TRAINING PANTS & SWIMMERS",1225.14
"110011701173","AUTO INJECTORS, PENS, KITS & NEEDLES",1222.96
"110011201127","MIXED/MISCELLANEOUS BLOOD GLUCOSE TESTING",1221.36
"350035303538","PRIVATE LABEL DENTURE CARE",1190.33
"290029402945","MEN'S STYLING AIDS",1181.75
"050005600568","PRIVATE LABEL BABY GROOMING",1178.68
"110011401143","DIABETES CANDY",1171.25
"370037903793","EYE TREATMENTS",1171
"330033503354","WOMEN'S SHAVING & AFTER-SHAVING",1169.54
"070007700775","MIXED/MISCELLANEOUS CHILDREN'S COLD & ALLERGY",1149.42
"250025502559","GENERIC ANTI-ITCH TREATMENTS",1144.12
"070007600768","PRIVATE LABEL RESPIRATORY TREATMENTS",1143.19
"250025602561","CHILDREN'S FIRST AID DRESSINGS",1142
"410041304131","ECHINACEA",1127.35
"530053305331","VALENTINE CANDY",1126.17
"110011401141","GLUCOSE",1119.59
"960096209627","REACHERS, GRIPPERS & LIFTS",1114.71
"010001200129","GENERIC EXTERNAL PAIN RELIEF",1097.13
"270027302733","ODOR & WETNESS SPRAYS",1080.71
"370037103719","GENERIC FACIAL & BODY ACNE MEDICATIONS",1076.01
"310031203121","AROMATHERAPY",1062.37
"130013601361","DIURETICS",1057.15
"350035703573","THERAPEUTIC BREATH TREATMENTS",1049.73
"550055505552","FLASHLIGHTS & LANTERNS",1045.11
"110011701177","MIXED/MISCELLANEOUS INSULIN, SYRINGES & DELIVERY SYSTEMS",1044.88
"660066406642","EASTER",1044.3
"410041304133","GINKGO BILOBA",1036.73
"370037403748","PRIVATE LABEL HAND & BODY CLEANSING",1033.65
"190019101918","PRIVATE LABEL CONTACT LENS CARE",1026.14
"190019201924","MIXED/MISCELLANEOUS EYE PREPARATIONS",1005.71
"010001300135","MIXED/MISCELLANEOUS SLEEP AIDS, STIMULANTS & MOTION SICKNESS",1003.42
"150015201527","MIXED/MISCELLANEOUS BRACES",997.19
"930093609366","TRANSPORT WHEELCHAIRS",994.64
"710071407141","SMOKING ACCESSORIES",986.09
"950095109517","MIXED/MISCELLANEOUS PATIENT CLEANSING & BATHING",985.78
"160016101616","WOMEN'S SUPPORT HOSE - FULL & MATERNITY",979.12
"390039203928","PRIVATE LABEL SUN PROTECTION",970.52
"660066806683","GENERAL MERCHANDISE DOLLAR ITEMS",967.98
"090009300932","UNISEX SPRAYS",948.52
"350035203524","MIXED/MISCELLANEOUS TOOTHBRUSHES & ACCESSORIES",947.7
"270027602761","IMPLEMENTS",945.84
"110011401142","DIABETES NUTRITIONALS & FOODS",935.75
"920092209223","DRAINABLE POUCHES-ONE PIECE",932.29
"920092109218","OSTOMY SKIN CARE",925.18
"160016201625","LYMPHEDEMA TREATMENTS",908.94
"700070407041","LOOSE PAPER, STATIONERY & INDEX CARDS",903.66
"560056305634","NUTS",902.52
"070007700772","CHILDREN'S THROAT & COUGH RELIEF",901.71
"330033503352","WOMEN'S BODY & FACIAL WAXES",899.67
"540054905494","NAILS",894.74
"600060106011","INSECTICIDES, RODENTICIDES & PESTICIDES",892.98
"920092709276","HOME & PORTABLE OXYGEN SUPPLIES",890.34
"940094309438","PRIVATE LABEL INCONTINENCE PERSONAL CARE",888.14
"390039403941","SUNLESS TANNING",885.52
"930093309338","MIXED/MISCELLANEOUS WALKING AIDS",883.64
"250025602562","CHILDREN'S FIRST AID TREATMENTS",882.59
"030003500359","GENERIC DIGESTIVE AIDS",875.34
"030003800381","CHILDREN'S STOMACH REMEDIES",873.88
"590059405941","BARRETTES, PONYTAIL HOLDERS, BOBBY PINS, ETC.",851.83
"640064106414","DOG FLEA/TICK/MITES",848.45
"930093309339","PRIVATE LABEL WALKING AIDS & ACCESSORIES",847.56
"190019101913","SOFT LENS SALINE SOLUTIONS",831.17
"900090109017","HAND HELD SHOWERS",829.81
"050005400546","PACIFIERS & ACCESSORIES",811.23
"640064206424","CAT FLEA/TICK/MITES",790.19
"930093009306","EXAMINATION ROOM SUPPLIES",781.89
"130013201321","WEIGHT MANAGEMENT FOODS, LIQUIDS & POWDERS",780.85
"030003800388","PRIVATE LABEL CHILDREN'S DIGESTIVE HEALTH",755.32
"930093709377","MIXED/MISCELLANEOUS POWER CHAIRS & SCOOTERS",752.24
"940094309434","ANTIFUNGALS",731.18
"700070207023","HIGHLIGHTERS & MARKERS",728.37
"150015601564","SHOULDER & CLAVICLE BRACES",728.34
"600060806081","DISHWASHING POWDERS/LIQUIDS",726.52
"010001100115","MIXED/MISCELLANEOUS PAIN RELIEF",725.81
"370037303738","PRIVATE LABEL FACIAL CLEANSERS",725.08
"230023302338","PRIVATE LABEL FEMININE PERSONAL CARE",711.4
"010001400149","GENERIC CHILDREN'S PAIN & FEVER RELIEF",709.26
"920092309233","EATING & DRINKING AIDS",704.66
"380038103813","MIXED/MISCELLANEOUS SMOKING DETERRENTS",701.47
"930093809386","TAPES, WRAPS & COMPRESSION",700
"410041204124","MIXED/MISCELLANEOUS SINGLE ENTITY VITAMINS",695.64
"290029402944","MIXED/MISCELLANEOUS STYLING AIDS",690.12
"170017101711","RELAXERS, CURL KITS & PERMS",686.62
"410041604168","PRIVATE LABEL CHILDREN'S VITAMINS/DIETARY SUPPLEMENTS",684.1
"930093509354","WHEELCHAIR CUSHIONS/SEATS",682.69
"350035903593","CHILDREN'S MOUTHWASH & ORAL RINSES",680.25
"700070407047","LABELS, STICKERS, FLAGS & SELF STICK NOTES",675.16
"950095209521","MOISTURIZERS, BARRIERS & PROTECTANTS",670.51
"270027602763","FOOT PAIN RELIEF",653.98
"960096109611","STETHOSCOPES & ACCESSORIES",652.73
"700070407042","BOUND PAPER, NOTEBOOKS & PADS",652.63
"600060406048","MISCELLANEOUS HARDWARE",650.48
"130013101311","SUGAR & SALT SUBSTITUTES",647.41
"290029102914","MEN'S SHAMPOOS",646.3
"140014101415","CARDIO EQUIPMENT",635.54
"910091809188","MIXED/MISCELLANEOUS SPECIALIZED ORTHOPEDIC BRACES/SUPPORTS/SPLINTS",627.13
"160016101611","MIXED/MISCELLANEOUS GENERAL SUPPORT & ACCESSORIES",626.44
"370037703778","PRIVATE LABEL HAND & BODY MOISTURIZERS & TREATMENTS",620.22
"090009300933","UNISEX ROLL-ONS",611.73
"660066406645","MISCELLANEOUS",610.32
"370037703774","MIXED/MISCELLANEOUS HAND & BODY MOISTURIZERS & TREATMENTS",610.31
"910091509155","PATIENT LIFTING & MOVING AIDS",598.99
"550055105514","PERSONAL CARE APPLIANCES",586.73
"270027502758","PRIVATE LABEL WART REMOVERS",578.22
"930093109317","CATHETER LUBRICANTS",569.98
"910091809185","SPECIALIZED WRIST & HAND BRACES/SUPPORTS/SPLINTS",569.15
"250025402542","FIRST AID KITS",564.02
"160016201624","WAIST HIGH MEDICAL SUPPORT",551.83
"700070207027","ERASERS & CORRECTION SUPPLIES",551.69
"900090509056","HEEL, ELBOW, FOOT & EAR PROTECTORS",549.71
"290029702979","GENERIC HAIR GROWTH",544.74
"920092309235","MEDICAL ALERT ID'S & DEVICES",543.31
"010001300132","STIMULANTS",532.27
"930093809385","WOUND CLEANSERS, TREATMENTS & ACCESSORIES",516.49
"350035503558","PRIVATE LABEL INTERDENTAL, FLOSS & GUM CARE",507.1
"270027102713","MIXED/MISCELLANEOUS SHOE INSOLES & INSERTS",506.49
"550055605565","MISCELLANEOUS BATTERIES",498.9
"920092209222","MINI POUCHES",497.76
"410041304135","ST. JOHN'S WORT",491.78
"050005400543","BOTTLES & ACCESSORIES",491.03
"960096209624","GROOMING & DRESSING AIDS",489.51
"600060406047","UTILITY TAPE",483.35
"920092809282","ELECTROTHERAPY SUPPLIES",479.25
"110011501158","PRIVATE LABEL DIABETES HEALTH & PERSONAL CARE",476.03
"030003400347","MIXED/MISCELLANEOUS ANTI-DIARRHEALS",473.85
"190019301938","PRIVATE LABEL EYEGLASSES & LENS ACCESSORIES",464.88
"050005500555","OVERNIGHT PANTS & JUVENILE INCONTINENCE",459.22
"920092209227","UROSTOMY POUCHES-TWO PIECE",458.81
"950095109511","CLEANSERS & WASHES",448.29
"530053205321","BOX CANDY",443.55
"920092309239","PRIVATE LABEL PATIENT AIDS FOR DAILY LIVING",439.39
"190019101914","SOFT LENS CLEANERS",438.15
"600060706072","BATHROOM CLEANERS",437.84
"150015101513","ATHLETIC SUPPORTS & CUPS",437.04
"430043204321","DRYS",434.14
"370037503751","COSMETIC PUFFS & PADS",429.06
"170017101714","POMADES, HAIR DRESSINGS & STYLING AIDS",423.66
"410041604169","GENERIC CHILDREN'S VITAMINS/DIETARY SUPPLEMENTS",421.51
"140014101418","PRIVATE LABEL PHYSICAL FITNESS",417.93
"350035203528","PRIVATE LABEL TOOTHBRUSHES",413.84
"930093809388","TRANSPARENT DRESSINGS",413.8
"900090309033","STETHOSCOPES, PROFESSIONAL DIAGNOSTICS & ACCESSORIES",411.76
"210021302132","OVULATION/FERTILITY TESTS & SUPPORT",410.89
"150015201525","THIGH, CALF & SHIN",410.39
"160016101615","WOMEN'S SUPPORT HOSE - THIGH HIGH",408.18
"410041304134","GINSENG",404.15
"700070307033","PAPER CLIPS, RUBBER BANDS, STAPLES, TACKS & FASTENERS",403.79
"050005400545","MIXED/MISCELLANEOUS BABY FEEDING ACCESSORIES",395.9
"960096209623","EATING & DRINKING AIDS",388.55
"130013401344","NUTRITIONAL BARS",388.42
"640064106416","DOG VITAMINS/WORMERS",387.3
"170017201721","CREAMS, LOTIONS & SOAPS",385.95
"290029202923","THERAPEUTIC CONDITIONERS",375.03
"410041304137","COLON CLEANSE & DETOX SUPPLEMENTS",367.28
"930093009303","LABWARE & ACCESSORIES",366.43
"930093209326","SELF CATHETERS",363.26
"590059105911","COMBS, BRUSHES, ROLLERS & SCISSORS",358.63
"600060906091","HOUSEHOLD STORAGE CONTAINERS & BINS",356.61
"640064106415","DOG BATHING/GROOMING/HYGIENE",355
"130013401348","PRIVATE LABEL NUTRITIONAL FOODS",351.57
"170017101712","SHAMPOOS & CONDITIONERS",337.75
"190019501959","GENERIC EAR CARE",332.4
"250025302539","GENERIC ANTIPARASITIC TREATMENTS",324.58
"010001400143","MIXED/MISCELLANEOUS CHILDREN'S PAIN & FEVER RELIEF",319.62
"410041304139","GENERIC HERBALS & BOTANICALS",316.21
"250025302532","MIXED/MISCELLANEOUS ANTIPARASITIC TREATMENTS",304.25
"600060706077","WINDOW CLEANERS",304.2
"250025602563","MIXED/MISCELLANEOUS CHILDREN'S FIRST AID",301.51
"140014101416","SCALES",300.68
"390039203925","SUN CARE LIP PROTECTION",297.37
"030003800383","CHILDREN'S ANTI-DIARRHEALS",297.19
"290029102918","PRIVATE LABEL SHAMPOO & THERAPEUTIC HAIR & SCALP TREATMENTS",295.88
"090009300934","MIXED/MISCELLANEOUS UNISEX DEODORANTS",293.23
"540054905492","FACE",290.77
"290029802981","CHILDREN'S SHAMPOOS",286.49
"930093709373","POWER CHAIR & SCOOTER ACCESSORIES",286
"030003400349","GENERIC ANTI-DIARRHEALS",284.8
"290029202927","MIXED/MISCELLANEOUS CONDITIONERS & HAIR TREATMENTS",274.96
"770077207728","PRIVATE LABEL SUNDRIES",263.77
"070007400744","MIXED/MISCELLANEOUS NASAL",263.58
"330033503353","WOMEN'S BODY & FACIAL BLEACHES",260.31
"670067306731","CRAFTS",257.73
"030003600369","GENERIC ANTI-GAS",257.55
"070007700779","GENERIC CHILDREN'S COLD & ALLERGY",257
"960096209621","BATHING & ORAL HYGIENE AIDS",253.93
"680068206821","SOCKS",252.24
"700070407044","ARTIST PAPER",251.08
"530053305334","CHRISTMAS CANDY",250.37
"400040204021","TRAVEL CONTAINERS",245.62
"110011401144","DIABETES SUPPLEMENTS",245.5
"270027302739","GENERIC ODOR & WETNESS TREATMENTS",238.95
"600060306038","DISPOSABLE NAPKINS, PLATES & CUPS",230.55
"920092309232","MIXED/MISCELLANEOUS PATIENT AIDS FOR DAILY LIVING",230.24
"910091909198","TRACTION EQUIPMENT",223.28
"030003800389","GENERIC CHILDREN'S DIGESTIVE HEALTH",217.3
"640064106417","DOG HOUSEBREAKING/TRAINING",214.32
"050005400541","NIPPLES",213.52
"960096209622","MIXED/MISCELLANEOUS PATIENT AIDS FOR DAILY LIVING",210.78
"290029602962","SEMIPERMANENT/TEMPORARY HAIR COLOR",209.08
"780078007800","PROFESSIONAL OTCS IN PHARMACY",203.01
"700070207022","PENCILS & REFILLS",202.98
"110011701178","PRIVATE LABEL INSULIN, SYRINGES & DELIVERY SYSTEMS",200.47
"600060706075","DRAIN CLEANERS",199.42
"350035503554","DENTAL GUM",199.39
"600060306031","PLASTIC/FOIL WRAPS, BAGS & DISPOSABLE STORAGE CONTAINERS",196.97
"090009100913","MEN'S ROLL-ONS",196.66
"550055605566","RECHARGEABLE BATTERIES, RECHARGERS & TESTERS",193.63
"660066506652","FALL/WINTER",192.49
"940094109417","MIXED/MISCELLANEOUS DISPOSABLE INCONTINENCE",192.14
"050005300534","MIXED/MISCELLANEOUS BABY LAYETTE",188.88
"930093809381","ALGINATE DRESSINGS",186.96
"920092709274","IPPB, CPAP & BIPAP MACHINES",186.83
"370037903794","THERAPEUTIC FACIAL TREATMENTS",178.1
"370037103714","MIXED/MISCELLANEOUS FACIAL & BODY ACNE MEDICATIONS",172.73
"540054905495","ACCESSORIES & IMPLEMENTS",172.16
"930093809382","COLLAGEN DRESSINGS",168.24
"600060906099","WATER PURIFIERS",166.94
"170017101715","HAIR COLOR",164.16
"540054705473","EYES",163.02
"350035103517","MIXED/MISCELLANEOUS TOOTHPASTE & TREATMENTS",162.4
"600060606063","HOUSEHOLD GLOVES",162.11
"190019101912","SOFT LENS DISINFECTING",161.03
"350035503553","GUM CARE",160.62
"950095109518","PRIVATE LABEL PATIENT CLEANSING & BATHING",155.76
"070007200727","MIXED/MISCELLANEOUS COUGH DROPS, SORE THROAT RELIEF",148.02
"250025202524","MIXED/MISCELLANEOUS FIRST AID TREATMENTS",145.98
"290029502951","PERMANENTS & RODS",144.99
"370037303736","FACIAL SPONGES",143
"660066806681","HEALTH & BEAUTY CARE DOLLAR ITEMS",142.63
"920092109211","ADHESIVE & ADHESIVE REMOVERS",142.47
"130013501352","SPORT/ENERGY POWDERS",141.92
"070007500758","PRIVATE LABEL LIP CARE",141.01
"910091909195","MIXED/MISCELLANEOUS ORTHOPEDIC AIDS",140.73
"290029802982","CHILDREN'S CONDITIONERS",139.98
"290029102919","GENERIC SHAMPOO & THERAPEUTIC HAIR & SCALP TREATMENTS",137.97
"030003700379","GENERIC HEMORRHOID PREPARATIONS",135.52
"960096109614","DRUG & ALCOHOL TESTS",134.31
"410041604163","MIXED/MISCELLANEOUS CHILDREN'S VITAMINS/DIETARY SUPPLEMENTS",134.05
"600060506051","SHOE POLISH, SHOE LACES & ACCESSORIES",131.48
"150015601568","PRIVATE LABEL ORTHOPEDIC & SURGICAL SUPPORT",129.58
"270027302738","PRIVATE LABEL ODOR & WETNESS TREATMENTS",125.23
"070007200729","GENERIC COUGH DROPS, SORE THROAT RELIEF",125.04
"170017101713","SHEENS, ACTIVATORS & MOISTURIZERS",117.08
"640064106419","DOG MISCELLANEOUS",116.63
"930093509353","MIXED/MISCELLANEOUS WHEELCHAIR ACCESSORIES",114.56
"170017201722","SHAVING NEEDS",112.9
"170017101716","MIXED/MISCELLANEOUS MULTI-CULTURAL HAIR CARE",112.6
"540054905491","LIPS",109.89
"540054205422","ARTIFICIAL LASHES & GLUES",103.52
"930093509357","WHEELCHAIR LEG RESTS",103.5
"130013401341","MIXED/MISCELLANEOUS NUTRITIONAL FOODS",101.12
"640064106411","DOG FOOD/TREATS",100.66
"720072307231","NOVELTIES & GIFT SETS",100.56
"640064106413","DOG TOYS",100.29
"130013501353","SPORT/ENERGY BARS",98.73
"700070407043","BINDERS, FOLDERS, COVERS, DIVIDERS & SHEET PROTECTORS",98.32
"600060706076","FLOOR, FURNITURE WAXES/POLISHES & RUG CLEANERS",94.6
"920092109213","DEODORANTS & ODOR ELIMINATORS",94
"950095209522","ANTIFUNGALS",91.93
"600060606064","MIXED/MISCELLANEOUS CLEANING TOOLS & ACCESSORIES",90.52
"540054905498","PRIVATE LABEL ALL OTHER COSMETIC LINES",83.44
"910091509159","PRIVATE LABEL PATIENT ROOM SUPPLIES",81.53
"530053505351","DIETETIC CANDY",76.26
"230023302339","GENERIC FEMININE PERSONAL CARE",76.04
"730073107312","MEN'S FRAGRANCES & GIFT SETS",70.66
"050005200525","MIXED/MISCELLANEOUS BABY HEALTH, BEAUTY & WELLNESS",69.78
"640064206425","CAT BATHING/GROOMING/HYGIENE",69.66
"050005800582","GYMS & PLAY STATIONS",68.63
"010001300139","GENERIC SLEEP AIDS, STIMULANTS & MOTION SICKNESS",67.95
"370037703773","SKIN NOVELTIES & GIFT SETS",67.83
"650065106512","DISPOSABLE CAMERAS",67.06
"600060706079","MISCELLANEOUS CLEANERS & WAXES",66.25
"050005600562","MIXED/MISCELLANEOUS BABY GROOMING",66.24
"660066806682","GROCERY DOLLAR ITEMS",66.09
"050005800581","BABY TOYS",65.38
"600060606062","SPONGES, SCRUBBERS, BRUSHES & DUSTERS",63.94
"130013201322","WEIGHT MANAGEMENT BARS",63.84
"650065106514","35MM FILM (100-400 SPEED)",63.48
"930093509355","WHEELCHAIR BELTS & STRAPS",61.37
"600060406041","ANCHORS & HANGERS",60.64
"050005200529","GENERIC BABY HEALTH, BEAUTY & WELLNESS",60
"310031203129","GENERIC AROMATHERAPY",59.9
"960096209625","MEDICAL ALERT IDS & DEVICES",59.79
"050005100519","GENERIC BABY FORMULA, NUTRITIONALS, ELECTROLYTES & FOOD",59.13
"640064206423","CAT TOYS",58.76
"920092509258","MIXED/MISCELLANEOUS PHYSICAL & COGNITIVE THERAPY",57.57
"410041604162","CHILDREN'S HERBALS",55.53
"290029702977","MIXED/MISCELLANEOUS HAIR GROWTH",54
"370037303732","MIXED/MISCELLANEOUS FACIAL CLEANSERS",53.93
"540054405442","FACE",53.05
"350035903594","MIXED/MISCELLANEOUS CHILDREN'S ORAL CARE",52.23
"710071107112","GENERIC",51.2
"210021402143","PERSONAL AIDS & DEVICES",51.04
"700070307032","SCISSORS & CUTTERS",47.67
"600060806083","LAUNDRY - DRYER PRODUCTS",47.29
"350035803588","PRIVATE LABEL ORAL REMEDIES",44.92
"920092309238","READING, WRITING & TELEPHONE AIDS",43.85
"640064106412","DOG LEASHES/COLLARS/CLOTHING",41.94
"430043104319","GENERIC LIQUIDS",41.7
"290029602963","MIXED/MISCELLANEOUS HAIR COLOR",41.67
"920092709272","ASPIRATORS & SUCTION MACHINES",40.92
"920092109212","IRRIGATION PRODUCTS",40.25
"110011201129","GENERIC BLOOD GLUCOSE TESTING",40
"910091109118","IV CATHETERS, SYRINGES, NEEDLES & SUPPLIES",37.92
"370037803786","EXFOLIATING BODY SCRUBS",34.7
"370037803781","BATH ADDITIVES",34.43
"910091809184","SPECIALIZED KNEE IMMOBILIZER BRACES/SUPPORTS/SPLINTS",33.99
"600060906096","CLOSET & LAUNDRY ACCESSORIES",33.01
"130013601362","WEIGHT LOSS CLEANSING & DETOX",32.96
"920092509254","COGNITIVE THERAPY",32.89
"930093109313","COLLECTION BAGS, DRAIN BAGS & LEG BAGS",30.8
"540054205421","ARTIFICIAL NAILS & GLUES",29.39
"370037803783","BATH SPONGES, LOOFAHS, BATH PILLOWS & ACCESSORIES",27.5
"920092109219","MIXED/MISCELLANEOUS OSTOMY CARE",27.33
"130013501359","GENERIC SPORT/ENERGY",26.75
"930093009302","INSTRUMENTS & CLEANERS",26.32
"160016101619","GENERIC GENERAL SUPPORT",24.95
"370037903795","LIP TREATMENTS",24.89
"170017201724","MIXED/MISCELLANEOUS MULTI-CULTURAL SKIN CARE",24.61
"050005700572","BABY SAFETY DEVICES",23.39
"290029402943","POMADES & WAXES",23.16
"050005400547","TEETHERS",22.44
"370037303739","GENERIC FACIAL CLEANSERS",21.5
"370037903798","PRIVATE LABEL FACIAL MOISTURIZERS & TREATMENTS",21.37
"370037403745","MIXED/MISCELLANEOUS HAND & BODY CLEANSING",21.03
"160016201627","MEDICAL COMPRESSION SLEEVES & GARMENTS",19.98
"230023102314","MIXED/MISCELLANEOUS FEMININE PROTECTION",18.68
"210021202129","GENERIC CONDOMS",18.02
"910091109113","IV EQUIPMENT, STANDS & ACCESSORIES",15.99
"210021402142","SEXUAL ENHANCEMENT",15.62
"560056705678","TAXABLE NON-PERISHABLE FOOD",13.06
"350035503555","MIXED/MISCELLANEOUS INTERDENTAL, FLOSS & GUM CARE",13.03
"150015401548","PRIVATE LABEL ABDOMINAL SUPPORTS & RIB BELTS",12.99
"700070507057","SMALL OFFICE EQUIPMENT",12.76
"940094309435","DEODORIZERS",12.28
"560056705675","CANNED/BOTTLED FOOD",12.25
"600060706074","OVEN CLEANERS",12.12
"150015101512","PROTECTIVE GUARDS",11.99
"960096209628","READING, WRITING & TELEPHONE AIDS",11.59
"350035303539","GENERIC DENTURE CARE",11.25
"090009200924","MIXED/MISCELLANEOUS WOMEN'S DEODORANTS",10.35
"370037103718","PRIVATE LABEL FACIAL & BODY ACNE MEDICATIONS",10.03
"330033403343","MEN'S MANUAL GROOMING IMPLEMENTS",9.09
"290029102913","MIXED/MISCELLANEOUS SHAMPOO & THERAPEUTIC HAIR & SCALP TREATMENTS",8.09
"640064206422","CAT LEASHES/COLLARS",7.09
"600060806084","AFTER LAUNDRY PRODUCTS",6.99
"640064206426","CAT VITAMINS/WORMERS",6.38
"690069506951","SPORTING GOODS",6.3
"350035703572","MIXED/MISCELLANEOUS BREATH REMEDIES",5.99
"190019401942","MAGNIFYING GLASSES",5.59
"540054205424","COSMETIC BRUSHES",4.89
"350035403548","PRIVATE LABEL MOUTHWASH",4.39
"250025502557","MIXED/MISCELLANEOUS ANTI-ITCH TREATMENTS",3.99
"540054905496","SETS/KITS",3.76
"050005700574","REUSABLE DIAPERING & POTTY TRAINING",3.18
"700070307038","WORKBOOKS, EDUCATIONAL SOFTWARE & BOOKS",2.97
"330033103317","MIXED/MISCELLANEOUS RAZORS & REFILLS",2.95
"700070307034","PAINT, BRUSHES & ART SUPPLIES",2.59
"560056705672","CONDIMENTS/SAUCES",2.49
"700070207025","CRAYONS & CHALK",1.97
"700070407045","COMPUTER/PRINTER PAPER, STATIONERY, STOCK & BUSINESS CARDS",0.99
